time,open,high,low,close,volume,amount,settelementPrice,openInterest,preClose,suspendFlag
1659542400000,0.977,0.985,0.968,0.981,26245245,2569736012.0,0.0,15,0.977,0
1659628800000,0.979,1.002,0.979,1.001,23635091,2343715054.0,0.0,15,0.981,0
1659888000000,0.995,1.012,0.995,1.011,23073746,2321631276.0,0.0,15,1.001,0
1659974400000,1.009,1.017,1.004,1.015,20995088,2123033476.0,0.0,15,1.011,0
1660060800000,1.0130000000000001,1.02,1.0110000000000001,1.0170000000000001,17577283,1786284379.0,0.0,15,1.0150000000000001,0
1660147200000,1.0170000000000001,1.0310000000000001,1.0170000000000001,1.03,18550561,1902019796.0000002,0.0,15,1.0170000000000001,0
1660233600000,1.028,1.033,1.02,1.021,17074721,1755325458.0,0.0,15,1.03,0
1660492800000,1.021,1.032,1.018,1.027,16760511,1720153749.9999998,0.0,15,1.021,0
1660579200000,1.025,1.0399999999999998,1.025,1.0319999999999998,16022214,1656667113.0,0.0,15,1.027,0
1660665600000,1.03,1.037,1.026,1.034,15623607,1612480956.0,0.0,15,1.032,0
1660752000000,1.0299999999999998,1.0399999999999998,1.029,1.0379999999999998,15703038,1624460031.0,0.0,15,1.0339999999999998,0
1660838400000,1.0370000000000001,1.0410000000000001,1.0210000000000001,1.0210000000000001,14700038,1513872653.0,0.0,15,1.038,0
1661097600000,1.02,1.03,1.012,1.027,16417350,1680160405.0,0.0,15,1.021,0
1661184000000,1.0230000000000001,1.0310000000000001,1.0230000000000001,1.03,18291726,1879190126.9999998,0.0,15,1.0270000000000001,0
1661270400000,1.028,1.031,0.992,0.994,20261966,2040197494.0,0.0,15,1.03,0
1661356800000,0.995,0.999,0.979,0.991,16739347,1652100524.0,0.0,15,0.994,0
1661443200000,0.99,1.002,0.982,0.986,15349209,1524586811.0000002,0.0,15,0.991,0
1661702400000,0.975,0.992,0.971,0.989,16500901,1627511762.0000002,0.0,15,0.986,0
1661788800000,0.988,0.991,0.98,0.984,18462623,1819057682.9999998,0.0,15,0.989,0
1661875200000,0.9820000000000001,0.9850000000000001,0.9490000000000001,0.9510000000000001,17257860,1661023243.0,0.0,15,0.9840000000000001,0
1661961600000,0.9500000000000001,0.9620000000000001,0.9440000000000001,0.9480000000000001,19531568,1860864099.0,0.0,15,0.9510000000000001,0
1662048000000,0.9490000000000001,0.9600000000000001,0.9460000000000001,0.9550000000000001,15009567,1431057170.0000002,0.0,15,0.9480000000000001,0
1662307200000,0.9520000000000001,0.9650000000000001,0.9490000000000001,0.9570000000000001,17482501,1672263318.0,0.0,15,0.9550000000000001,0
1662393600000,0.9570000000000001,0.9760000000000001,0.9560000000000001,0.9750000000000001,14352603,1388580071.0000002,0.0,15,0.9570000000000001,0
1662480000000,0.974,0.986,0.971,0.981,15443269,1514983563.0,0.0,15,0.975,0
1662566400000,0.981,0.985,0.972,0.973,14773788,1444068877.0,0.0,15,0.981,0
1662652800000,0.973,0.978,0.967,0.977,17093498,1664053983.0,0.0,15,0.973,0
1662998400000,0.977,0.977,0.977,0.977,0,0.0,0.0,0,0.977,1
1663084800000,2.73,2.7399999999999998,2.711,2.7279999999999998,6025205,1642349417.0,0.0,15,2.7609999999999997,0
1663171200000,2.728,2.74,2.609,2.64,6554125,1748824490.0,0.0,15,2.728,0
1663257600000,2.634,2.648,2.585,2.586,6833801,1789495073.0,0.0,15,2.64,0
1663516800000,2.5850000000000004,2.599,2.5420000000000003,2.556,6054629,1554668756.0,0.0,15,2.5860000000000003,0
1663603200000,2.557,2.618,2.557,2.589,5416082,1402461296.0,0.0,15,2.556,0
1663689600000,2.5820000000000003,2.6020000000000003,2.551,2.588,5533630,1428282178.0,0.0,15,2.589,0
1663776000000,2.576,2.624,2.572,2.596,5563981,1448491904.0,0.0,15,2.588,0
1663862400000,2.5930000000000004,2.6050000000000004,2.5220000000000002,2.5460000000000003,6504153,1664419229.0000002,0.0,15,2.596,0
1664121600000,2.535,2.5610000000000004,2.5100000000000002,2.512,6260097,1590569684.9999998,0.0,15,2.5460000000000003,0
1664208000000,2.512,2.5620000000000003,2.511,2.559,6224534,1577387997.0000002,0.0,15,2.512,0
1664294400000,2.5509999999999997,2.558,2.485,2.4859999999999998,5375833,1348795230.0,0.0,15,2.5589999999999997,0
1664380800000,2.495,2.5220000000000002,2.474,2.492,5769457,1445262799.0,0.0,15,2.486,0
1664467200000,2.492,2.4979999999999998,2.444,2.447,5685200,1401607378.0,0.0,15,2.492,0
1665331200000,2.447,2.459,2.38,2.392,6173033,1496035159.0000002,0.0,15,2.447,0
1665417600000,2.388,2.412,2.374,2.398,5798794,1387983132.0,0.0,15,2.392,0
1665504000000,2.398,2.472,2.363,2.471,6338490,1517076261.0,0.0,15,2.398,0
1665590400000,2.456,2.521,2.456,2.495,7183918,1793329322.0000002,0.0,15,2.471,0
1665676800000,2.5060000000000002,2.571,2.5060000000000002,2.564,5289246,1346828771.0,0.0,15,2.495,0
1665936000000,2.564,2.59,2.557,2.58,4783819,1229209812.0000002,0.0,15,2.564,0
1666022400000,2.584,2.617,2.573,2.598,5156575,1337586966.0,0.0,15,2.58,0
1666108800000,2.593,2.6149999999999998,2.581,2.5829999999999997,5499712,1428600990.0000002,0.0,15,2.598,0
1666195200000,2.58,2.612,2.531,2.569,8011224,2052586896.0,0.0,15,2.583,0
1666281600000,2.568,2.5890000000000004,2.5500000000000003,2.571,5433563,1395856052.0,0.0,15,2.5690000000000004,0
1666540800000,2.567,2.629,2.528,2.557,7307587,1884851852.0000002,0.0,15,2.571,0
1666627200000,2.5370000000000004,2.5620000000000003,2.498,2.5460000000000003,5937749,1503560035.0,0.0,15,2.5570000000000004,0
1666713600000,2.545,2.6229999999999998,2.541,2.598,6626693,1714707827.0000002,0.0,15,2.546,0
1666800000000,2.603,2.62,2.58,2.586,5504794,1431172755.0,0.0,15,2.598,0
1666886400000,2.5749999999999997,2.581,2.481,2.4899999999999998,5945866,1510708015.0,0.0,15,2.586,0
1667145600000,2.469,2.542,2.469,2.516,5795670,1455683960.0,0.0,15,2.4899999999999998,0
1667232000000,2.526,2.582,2.508,2.582,6289720,1599709728.0,0.0,15,2.516,0
1667318400000,2.566,2.622,2.566,2.6079999999999997,5768029,1501277830.0000002,0.0,15,2.582,0
1667404800000,2.595,2.633,2.591,2.623,4904078,1283087948.0,0.0,15,2.608,0
1667491200000,2.62,2.6910000000000003,2.62,2.69,6636067,1768129054.0,0.0,15,2.623,0
1667750400000,2.688,2.7030000000000003,2.6590000000000003,2.6790000000000003,4921347,1319734336.9999998,0.0,15,2.6900000000000004,0
1667836800000,2.681,2.682,2.658,2.6799999999999997,5341327,1423685333.0,0.0,15,2.679,0
1667923200000,2.676,2.694,2.66,2.6670000000000003,5148372,1376049972.0,0.0,15,2.68,0
1668009600000,2.661,2.662,2.632,2.64,6215544,1644438110.0,0.0,15,2.6670000000000003,0
1668096000000,2.69,2.717,2.652,2.653,6542771,1753000150.9999998,0.0,15,2.64,0
1668355200000,2.6540000000000004,2.6780000000000004,2.623,2.6340000000000003,5685830,1508110376.0,0.0,15,2.653,0
1668441600000,2.626,2.697,2.626,2.6959999999999997,4742242,1268355442.0,0.0,15,2.634,0
1668528000000,2.689,2.705,2.673,2.676,4236970,1138166097.0,0.0,15,2.696,0
1668614400000,2.674,2.6839999999999997,2.65,2.681,4847052,1289371098.0,0.0,15,2.6759999999999997,0
1668700800000,2.681,2.6990000000000003,2.6550000000000002,2.6620000000000004,4940913,1325230926.0000002,0.0,15,2.681,0
1668960000000,2.6580000000000004,2.673,2.6350000000000002,2.6710000000000003,5050682,1343193550.0,0.0,15,2.6620000000000004,0
1669046400000,2.666,2.672,2.617,2.632,6127313,1623850397.0,0.0,15,2.671,0
1669132800000,2.6300000000000003,2.636,2.575,2.625,4647251,1212097167.0000002,0.0,15,2.632,0
1669219200000,2.625,2.6430000000000002,2.615,2.632,4508897,1185515933.0,0.0,15,2.625,0
1669305600000,2.632,2.632,2.601,2.605,4154791,1085064881.0,0.0,15,2.632,0
1669564800000,2.5740000000000003,2.6010000000000004,2.5540000000000003,2.5970000000000004,4277563,1107120589.0,0.0,15,2.6050000000000004,0
1669651200000,2.597,2.648,2.597,2.635,4913044,1291961409.0,0.0,15,2.597,0
1669737600000,2.634,2.645,2.62,2.6310000000000002,4796284,1263395249.0,0.0,15,2.6350000000000002,0
1669824000000,2.668,2.679,2.653,2.661,4318831,1151934234.0,0.0,15,2.6310000000000002,0
1669910400000,2.66,2.691,2.657,2.668,4833664,1291428007.0,0.0,15,2.661,0
1670169600000,2.673,2.688,2.665,2.68,4160660,1113370217.0,0.0,15,2.668,0
1670256000000,2.669,2.694,2.661,2.678,4598314,1230413510.0,0.0,15,2.68,0
1670342400000,2.6750000000000003,2.692,2.6670000000000003,2.677,4346172,1164345572.0000002,0.0,15,2.6780000000000004,0
1670428800000,2.699,2.699,2.653,2.662,5029324,1340692757.0000002,0.0,15,2.677,0
1670515200000,2.662,2.676,2.645,2.671,4294889,1144033747.0,0.0,15,2.662,0
1670774400000,2.671,2.674,2.645,2.661,3878820,1031924770.0,0.0,15,2.671,0
1670860800000,2.66,2.661,2.633,2.639,3846282,1015883784.0000001,0.0,15,2.661,0
1670947200000,2.638,2.65,2.618,2.627,3955610,1041573941.0,0.0,15,2.639,0
1671033600000,2.626,2.6390000000000002,2.616,2.634,4130741,1085778868.0,0.0,15,2.6270000000000002,0
1671120000000,2.621,2.63,2.597,2.612,5494104,1434026957.0000002,0.0,15,2.634,0
1671379200000,2.6,2.619,2.547,2.5580000000000003,5127937,1323366101.0,0.0,15,2.612,0
1671465600000,2.552,2.556,2.524,2.529,5639943,1433361523.0000002,0.0,15,2.558,0
1671552000000,2.5380000000000003,2.5380000000000003,2.495,2.517,4979864,1253359432.0000002,0.0,15,2.529,0
1671638400000,2.517,2.524,2.463,2.477,4459467,1115985820.0,0.0,15,2.517,0
1671724800000,2.466,2.48,2.442,2.4570000000000003,5737728,1414806065.0,0.0,15,2.4770000000000003,0
1671984000000,2.455,2.509,2.455,2.503,3867671,965510037.0,0.0,15,2.457,0
1672070400000,2.509,2.524,2.495,2.524,3632046,911147941.0000001,0.0,15,2.503,0
1672156800000,2.5149999999999997,2.516,2.497,2.505,4406851,1103826073.0,0.0,15,2.524,0
1672243200000,2.486,2.524,2.486,2.5020000000000002,3708141,930481686.0,0.0,15,2.5050000000000003,0
1672329600000,2.52,2.52,2.498,2.508,4101100,1027406636.0000001,0.0,15,2.5020000000000002,0
1672675200000,2.5,2.5660000000000003,2.498,2.5610000000000004,4880024,1241124488.0,0.0,15,2.508,0
1672761600000,2.5509999999999997,2.569,2.545,2.56,4576858,1171634428.0,0.0,15,2.561,0
1672848000000,2.5610000000000004,2.5890000000000004,2.5580000000000003,2.5890000000000004,3803736,980953877.0,0.0,15,2.56,0
1672934400000,2.593,2.608,2.584,2.594,3465517,899918486.0,0.0,15,2.589,0
1673193600000,2.5999999999999996,2.6189999999999998,2.598,2.601,6885991,1796791633.0,0.0,15,2.594,0
1673280000000,2.601,2.611,2.591,2.608,4245869,1105596838.0,0.0,15,2.601,0
1673366400000,2.6,2.618,2.585,2.59,4556232,1186446988.0,0.0,15,2.608,0
1673452800000,2.59,2.6079999999999997,2.582,2.589,3551807,921066834.0,0.0,15,2.59,0
1673539200000,2.5900000000000003,2.6060000000000003,2.583,2.605,4050275,1049461547.0,0.0,15,2.589,0
1673798400000,2.602,2.647,2.602,2.626,5283672,1389828003.0000002,0.0,15,2.605,0
1673884800000,2.621,2.644,2.621,2.629,4044755,1065226849.0000001,0.0,15,2.626,0
1673971200000,2.64,2.6470000000000002,2.632,2.636,4043007,1067033356.0,0.0,15,2.629,0
1674057600000,2.652,2.6670000000000003,2.624,2.666,3980145,1053544532.0,0.0,15,2.636,0
1674144000000,2.666,2.691,2.666,2.69,3330413,893184715.0,0.0,15,2.666,0
1675008000000,2.72,2.734,2.701,2.702,5330542,1447457599.0,0.0,15,2.69,0
1675094400000,2.699,2.722,2.694,2.709,3578947,970852069.0,0.0,15,2.702,0
1675180800000,2.709,2.7560000000000002,2.709,2.755,4924533,1347069664.0000002,0.0,15,2.709,0
1675267200000,2.756,2.778,2.751,2.76,3923433,1085156306.0,0.0,15,2.755,0
1675353600000,2.761,2.762,2.721,2.758,3501965,960577513.0,0.0,15,2.7600000000000002,0
1675612800000,2.7399999999999998,2.761,2.73,2.7479999999999998,3705033,1016725785.9999999,0.0,15,2.758,0
1675699200000,2.743,2.761,2.733,2.7600000000000002,3716710,1020501196.0,0.0,15,2.748,0
1675785600000,2.7550000000000003,2.7640000000000002,2.736,2.741,3212839,883001314.9999999,0.0,15,2.7600000000000002,0
1675872000000,2.7399999999999998,2.794,2.731,2.7929999999999997,4167456,1153020691.0,0.0,15,2.7409999999999997,0
1675958400000,2.79,2.795,2.758,2.782,3986961,1107344251.0,0.0,15,2.793,0
1676217600000,2.769,2.8080000000000003,2.769,2.807,3536152,989807516.0,0.0,15,2.782,0
1676304000000,2.807,2.816,2.799,2.814,3267714,917181173.0,0.0,15,2.807,0
1676390400000,2.8110000000000004,2.8200000000000003,2.8040000000000003,2.814,3238881,910675811.0,0.0,15,2.814,0
1676476800000,2.813,2.83,2.745,2.765,4564801,1278648686.0000002,0.0,15,2.814,0
1676563200000,2.7520000000000002,2.7710000000000004,2.732,2.738,3654961,1005845123.0,0.0,15,2.765,0
1676822400000,2.731,2.773,2.717,2.771,3640735,997808929.0,0.0,15,2.738,0
1676908800000,2.771,2.795,2.761,2.781,2938528,817033728.0000001,0.0,15,2.771,0
1676995200000,2.781,2.797,2.7680000000000002,2.789,2995984,833975376.0,0.0,15,2.781,0
1677081600000,2.789,2.794,2.758,2.778,3001050,833552336.0,0.0,15,2.789,0
1677168000000,2.778,2.786,2.75,2.77,2845403,786717794.0,0.0,15,2.778,0
1677427200000,2.76,2.767,2.738,2.75,3451977,950728799.9999999,0.0,15,2.77,0
1677513600000,2.75,2.774,2.737,2.7720000000000002,3839483,1059726737.0000001,0.0,15,2.75,0
1677600000000,2.771,2.788,2.759,2.787,3057530,849325079.0000001,0.0,15,2.772,0
1677686400000,2.787,2.799,2.773,2.779,3502680,974382866.0000001,0.0,15,2.787,0
1677772800000,2.777,2.7910000000000004,2.7560000000000002,2.7760000000000002,3563703,987753542.9999999,0.0,15,2.7790000000000004,0
1678032000000,2.7750000000000004,2.7920000000000003,2.7600000000000002,2.7840000000000003,2866884,795778801.0,0.0,15,2.7760000000000002,0
1678118400000,2.7800000000000002,2.785,2.732,2.733,3924068,1081351675.0000002,0.0,15,2.7840000000000003,0
1678204800000,2.733,2.7479999999999998,2.726,2.742,3286705,899872035.0,0.0,15,2.733,0
1678291200000,2.742,2.75,2.728,2.745,3501851,960051137.0,0.0,15,2.742,0
1678377600000,2.7409999999999997,2.7409999999999997,2.707,2.711,4328071,1177512926.0,0.0,15,2.7449999999999997,0
1678636800000,2.711,2.724,2.689,2.721,3272176,885585852.0,0.0,15,2.711,0
1678723200000,2.716,2.721,2.668,2.698,4304043,1159043116.0,0.0,15,2.721,0
1678809600000,2.703,2.7289999999999996,2.703,2.7089999999999996,3132718,850758249.0,0.0,15,2.698,0
1678896000000,2.706,2.706,2.661,2.669,3459661,928117964.0,0.0,15,2.709,0
1678982400000,2.678,2.704,2.673,2.684,4103849,1103805020.0,0.0,15,2.669,0
1679241600000,2.691,2.695,2.665,2.679,3819727,1024462633.0,0.0,15,2.684,0
1679328000000,2.681,2.71,2.681,2.709,3138853,847541421.0,0.0,15,2.6790000000000003,0
1679414400000,2.74,2.74,2.712,2.722,2486698,676413272.0,0.0,15,2.709,0
1679500800000,2.722,2.734,2.715,2.7329999999999997,3274265,892152419.0,0.0,15,2.722,0
1679587200000,2.736,2.74,2.725,2.735,2679953,732194266.0,0.0,15,2.733,0
1679846400000,2.736,2.7470000000000003,2.72,2.74,2335011,638782270.0,0.0,15,2.7350000000000003,0
1679932800000,2.737,2.741,2.718,2.723,5303112,1445563367.0,0.0,15,2.7399999999999998,0
1680019200000,2.723,2.733,2.706,2.7119999999999997,3993989,1084527910.0,0.0,15,2.723,0
1680105600000,2.733,2.733,2.693,2.715,4575770,1238091959.0000002,0.0,15,2.712,0
1680192000000,2.729,2.739,2.713,2.737,2837491,774095444.0,0.0,15,2.715,0
1680451200000,2.737,2.774,2.737,2.766,5014885,1382886121.0,0.0,15,2.737,0
1680537600000,2.766,2.7720000000000002,2.753,2.7680000000000002,3472579,959797275.0,0.0,15,2.766,0
1680710400000,2.763,2.779,2.754,2.776,5201897,1441843619.0,0.0,15,2.768,0
1680796800000,2.771,2.803,2.771,2.8009999999999997,2839264,793492556.0,0.0,15,2.776,0
1681056000000,2.807,2.808,2.77,2.777,3396625,945876511.0,0.0,15,2.801,0
1681142400000,2.772,2.786,2.767,2.779,3215066,891604591.0000001,0.0,15,2.7769999999999997,0
1681228800000,2.779,2.795,2.778,2.792,3853661,1074413532.0,0.0,15,2.779,0
1681315200000,2.7920000000000003,2.795,2.773,2.7760000000000002,3185082,885690616.0,0.0,15,2.7920000000000003,0
1681401600000,2.7760000000000002,2.795,2.769,2.79,3630957,1011714913.0,0.0,15,2.7760000000000002,0
1681660800000,2.7880000000000003,2.797,2.7840000000000003,2.793,2494434,695846854.0000001,0.0,15,2.79,0
1681747200000,2.789,2.7910000000000004,2.7720000000000002,2.782,3214657,894320546.0,0.0,15,2.793,0
1681833600000,2.777,2.789,2.7680000000000002,2.7720000000000002,3289409,914337747.0,0.0,15,2.782,0
1681920000000,2.775,2.775,2.755,2.772,3102137,857254372.0,0.0,15,2.772,0
1682006400000,2.7670000000000003,2.7710000000000004,2.7,2.7030000000000003,3600253,984598389.0,0.0,15,2.7720000000000002,0
1682265600000,2.7030000000000003,2.7030000000000003,2.668,2.6790000000000003,4344584,1165998398.9999998,0.0,15,2.7030000000000003,0
1682352000000,2.678,2.678,2.597,2.633,4309145,1138512220.0,0.0,15,2.679,0
1682438400000,2.629,2.651,2.622,2.638,3276089,864152424.0,0.0,15,2.633,0
1682524800000,2.626,2.6599999999999997,2.626,2.6439999999999997,3557062,940716267.0,0.0,15,2.638,0
1682611200000,2.646,2.684,2.64,2.6830000000000003,2853054,760833580.0,0.0,15,2.644,0
1683129600000,2.6790000000000003,2.684,2.664,2.6790000000000003,2895078,774216980.0,0.0,15,2.6830000000000003,0
1683216000000,2.679,2.679,2.633,2.65,3127086,826932634.0000001,0.0,15,2.679,0
1683475200000,2.648,2.676,2.648,2.665,2577922,686566512.0,0.0,15,2.65,0
1683561600000,2.671,2.671,2.633,2.635,2906286,770521870.0,0.0,15,2.665,0
1683648000000,2.638,2.651,2.622,2.639,2857874,752869305.0000001,0.0,15,2.635,0
1683734400000,2.636,2.65,2.633,2.635,2672815,705521714.0,0.0,15,2.639,0
1683820800000,2.625,2.645,2.602,2.6029999999999998,2746753,719187546.0,0.0,15,2.635,0
1684080000000,2.596,2.622,2.576,2.62,3158525,820651432.0,0.0,15,2.603,0
1684166400000,2.618,2.622,2.588,2.597,2783727,724002444.0,0.0,15,2.62,0
1684252800000,2.594,2.614,2.592,2.608,2785419,725247441.0,0.0,15,2.597,0
1684339200000,2.604,2.625,2.603,2.621,3387732,886531276.0,0.0,15,2.608,0
1684425600000,2.6109999999999998,2.639,2.605,2.634,3096321,812752537.0,0.0,15,2.621,0
1684684800000,2.628,2.637,2.612,2.629,2630519,690661989.0000001,0.0,15,2.634,0
1684771200000,2.624,2.634,2.604,2.605,2520727,660225620.9999999,0.0,15,2.629,0
1684857600000,2.604,2.6189999999999998,2.585,2.596,2681962,697887038.0,0.0,15,2.605,0
1684944000000,2.612,2.612,2.56,2.591,3631680,938726479.0,0.0,15,2.596,0
1685030400000,2.586,2.618,2.572,2.612,2839349,735993947.0,0.0,15,2.591,0
1685289600000,2.6229999999999998,2.627,2.598,2.609,2616641,683537066.0,0.0,15,2.6119999999999997,0
1685376000000,2.598,2.623,2.58,2.62,3181089,827998959.0,0.0,15,2.609,0
1685462400000,2.6149999999999998,2.626,2.601,2.62,2549951,666782841.0,0.0,15,2.62,0
1685548800000,2.615,2.6420000000000003,2.603,2.6270000000000002,2680400,704208324.0,0.0,15,2.62,0
1685635200000,2.63,2.653,2.63,2.6439999999999997,2540923,672162849.0000001,0.0,15,2.627,0
1685894400000,2.6550000000000002,2.6550000000000002,2.6390000000000002,2.6470000000000002,2434960,644398695.0,0.0,15,2.644,0
1685980800000,2.647,2.647,2.586,2.5909999999999997,2463676,645323509.0,0.0,15,2.647,0
1686067200000,2.62,2.62,2.585,2.59,2728247,707748817.0,0.0,15,2.5909999999999997,0
1686153600000,2.599,2.599,2.5580000000000003,2.5780000000000003,2882822,742334037.0000001,0.0,15,2.5900000000000003,0
1686240000000,2.578,2.5989999999999998,2.57,2.5959999999999996,2651481,684778548.0,0.0,15,2.578,0
1686499200000,2.5940000000000003,2.616,2.591,2.607,2616142,682292299.0000001,0.0,15,2.596,0
1686585600000,2.602,2.6199999999999997,2.602,2.6159999999999997,2713866,709522441.0,0.0,15,2.6069999999999998,0
1686672000000,2.6149999999999998,2.631,2.614,2.626,2671690,700954311.0,0.0,15,2.6159999999999997,0
1686758400000,2.619,2.649,2.619,2.6420000000000003,2718789,716917706.0000001,0.0,15,2.6260000000000003,0
1686844800000,2.64,2.668,2.64,2.6630000000000003,2925464,778070435.0,0.0,15,2.642,0
1687104000000,2.6630000000000003,2.678,2.66,2.673,2557622,683307903.0,0.0,15,2.6630000000000003,0
1687190400000,2.67,2.685,2.666,2.674,2117054,566517796.0,0.0,15,2.673,0
1687276800000,2.668,2.67,2.62,2.621,3154229,833967496.0000001,0.0,15,2.674,0
1687708800000,2.609,2.621,2.568,2.576,3445401,892838357.0000001,0.0,15,2.621,0
1687795200000,2.577,2.608,2.577,2.601,2429264,630689161.0,0.0,15,2.576,0
1687881600000,2.5949999999999998,2.5989999999999998,2.553,2.5949999999999998,3024876,778128988.0,0.0,15,2.601,0
1687968000000,2.588,2.616,2.588,2.609,2418393,629437860.0,0.0,15,2.595,0
1688054400000,2.601,2.651,2.601,2.646,3756379,990411631.9999999,0.0,15,2.609,0
1688313600000,2.6470000000000002,2.661,2.6310000000000002,2.6420000000000003,2718748,718755852.0,0.0,15,2.6460000000000004,0
1688400000000,2.643,2.655,2.642,2.654,3040279,805335342.0,0.0,15,2.642,0
1688486400000,2.65,2.655,2.63,2.635,2456850,649491679.0,0.0,15,2.654,0
1688572800000,2.638,2.651,2.622,2.6239999999999997,2987097,786184624.0000001,0.0,15,2.635,0
1688659200000,2.626,2.626,2.598,2.6149999999999998,2471130,645111127.0000001,0.0,15,2.6239999999999997,0
1688918400000,2.6180000000000003,2.6270000000000002,2.603,2.613,2247293,588027560.0,0.0,15,2.615,0
1689004800000,2.615,2.636,2.608,2.633,2305093,604747004.0,0.0,15,2.613,0
1689091200000,2.6220000000000003,2.636,2.595,2.597,2708497,708337981.0,0.0,15,2.633,0
1689177600000,2.599,2.6260000000000003,2.599,2.623,2794766,730970981.0000001,0.0,15,2.5970000000000004,0
1689264000000,2.623,2.6310000000000002,2.619,2.619,2119136,556242429.0,0.0,15,2.623,0
1689523200000,2.614,2.614,2.593,2.609,2744306,713654036.0,0.0,15,2.6189999999999998,0
1689609600000,2.6149999999999998,2.618,2.597,2.609,3008602,784089317.0,0.0,15,2.609,0
1689696000000,2.608,2.615,2.588,2.601,2575907,669415532.0000001,0.0,15,2.609,0
1689782400000,2.601,2.611,2.564,2.567,3264127,846409075.0,0.0,15,2.601,0
1689868800000,2.566,2.585,2.557,2.5669999999999997,3618685,930072933.9999999,0.0,15,2.5669999999999997,0
1690128000000,2.561,2.58,2.555,2.561,2910082,747132026.9999999,0.0,15,2.567,0
1690214400000,2.585,2.604,2.585,2.601,3739485,970411359.0,0.0,15,2.561,0
1690300800000,2.601,2.601,2.58,2.589,3112828,805862840.0,0.0,15,2.601,0
1690387200000,2.5909999999999997,2.597,2.565,2.57,3682641,950384516.0,0.0,15,2.589,0
1690473600000,2.5660000000000003,2.596,2.5540000000000003,2.591,3520459,906725000.0000001,0.0,15,2.5700000000000003,0
1690732800000,2.592,2.6270000000000002,2.592,2.609,2966402,775174342.0,0.0,15,2.591,0
1690819200000,2.6100000000000003,2.616,2.599,2.604,3706062,966588330.0,0.0,15,2.609,0
1690905600000,2.604,2.6100000000000003,2.591,2.599,3550141,922556085.0,0.0,15,2.604,0
1690992000000,2.592,2.6020000000000003,2.587,2.601,3393952,880782039.0000001,0.0,15,2.599,0
1691078400000,2.612,2.631,2.605,2.618,3453065,904073337.0,0.0,15,2.601,0
1691337600000,2.621,2.622,2.601,2.606,3556223,927362865.0,0.0,15,2.618,0
1691424000000,2.6,2.6069999999999998,2.585,2.5949999999999998,3312787,859261290.0000001,0.0,15,2.606,0
1691510400000,2.59,2.5919999999999996,2.57,2.5749999999999997,3671962,947137465.0,0.0,15,2.5949999999999998,0
1691596800000,2.5749999999999997,2.582,2.561,2.573,3522556,906317082.0,0.0,15,2.5749999999999997,0
1691683200000,2.5740000000000003,2.5770000000000004,2.5260000000000002,2.527,3426125,873382002.0,0.0,15,2.5730000000000004,0
1691942400000,2.519,2.535,2.49,2.531,3927054,986274388.0,0.0,15,2.527,0
1692028800000,2.528,2.5370000000000004,2.486,2.5130000000000003,3692772,925962927.0,0.0,15,2.531,0
1692115200000,2.508,2.5100000000000002,2.482,2.482,4030711,1005976046.0000001,0.0,15,2.5130000000000003,0
1692201600000,2.468,2.51,2.456,2.503,5719148,1425086694.0,0.0,15,2.4819999999999998,0
1692288000000,2.504,2.513,2.452,2.4539999999999997,3511232,872916930.0,0.0,15,2.503,0
1692547200000,2.457,2.469,2.424,2.425,3635736,892221947.9999999,0.0,15,2.4539999999999997,0
1692633600000,2.428,2.447,2.4,2.439,5069332,1228178632.0,0.0,15,2.425,0
1692720000000,2.428,2.4339999999999997,2.396,2.397,5268999,1272581483.0,0.0,15,2.439,0
1692806400000,2.39,2.427,2.3850000000000002,2.4010000000000002,6434570,1545034768.0,0.0,15,2.3970000000000002,0
1692892800000,2.397,2.4,2.347,2.36,6880230,1636036427.0,0.0,15,2.401,0
1693152000000,2.5100000000000002,2.5100000000000002,2.366,2.374,6443519,1553495932.0,0.0,15,2.3600000000000003,0
1693238400000,2.369,2.458,2.366,2.4450000000000003,6131239,1482238722.0000002,0.0,15,2.374,0
1693324800000,2.443,2.483,2.443,2.457,4179166,1029913212.0000001,0.0,15,2.445,0
1693411200000,2.448,2.4589999999999996,2.437,2.448,3622357,885895499.9999999,0.0,15,2.457,0
1693497600000,2.4459999999999997,2.463,2.436,2.445,2766787,676501119.0000001,0.0,15,2.448,0
1693756800000,2.447,2.484,2.444,2.484,3511777,864878013.0,0.0,15,2.445,0
1693843200000,2.48,2.487,2.464,2.4699999999999998,3651090,902497354.0,0.0,15,2.484,0
1693929600000,2.468,2.486,2.446,2.48,2692521,664814202.0,0.0,15,2.47,0
1694016000000,2.479,2.479,2.435,2.439,3778684,927716936.0000001,0.0,15,2.48,0
1694102400000,2.432,2.453,2.427,2.441,4355757,1064153511.0000001,0.0,15,2.439,0
1694361600000,2.448,2.486,2.435,2.475,2823263,695854231.0,0.0,15,2.441,0
1694448000000,2.473,2.4869999999999997,2.469,2.476,2376697,589048358.0,0.0,15,2.4749999999999996,0
1694534400000,2.4680000000000004,2.475,2.4250000000000003,2.4440000000000004,2949713,720900435.0,0.0,15,2.4760000000000004,0
1694620800000,2.4419999999999997,2.443,2.416,2.435,2912946,707784026.0,0.0,15,2.444,0
1694707200000,2.435,2.4530000000000003,2.4210000000000003,2.435,3419303,831363885.0,0.0,15,2.435,0
1694966400000,2.4250000000000003,2.4490000000000003,2.4170000000000003,2.439,3141488,765329585.0000001,0.0,15,2.435,0
1695052800000,2.439,2.439,2.4090000000000003,2.4200000000000004,2499851,604124440.0,0.0,15,2.439,0
1695139200000,2.44,2.44,2.398,2.399,3193740,769394877.0000001,0.0,15,2.42,0
1695225600000,2.42,2.42,2.375,2.38,2622277,626121742.0,0.0,15,2.399,0
1695312000000,2.37,2.428,2.37,2.428,3538342,850809142.0,0.0,15,2.38,0
1695571200000,2.428,2.429,2.408,2.417,2761396,666646408.0000001,0.0,15,2.428,0
1695657600000,2.416,2.4179999999999997,2.404,2.404,2577328,620995466.0,0.0,15,2.417,0
1695744000000,2.4019999999999997,2.431,2.4,2.419,3078416,745070796.0,0.0,15,2.404,0
1695830400000,2.419,2.436,2.419,2.435,3060616,743321374.0,0.0,15,2.419,0
1696780800000,2.384,2.435,2.384,2.427,4209772,1019429023.0,0.0,15,2.435,0
1696867200000,2.427,2.44,2.416,2.419,3451099,836121705.0000001,0.0,15,2.427,0
1696953600000,2.4240000000000004,2.4480000000000004,2.4170000000000003,2.4240000000000004,2784731,676408265.0,0.0,15,2.419,0
1697040000000,2.4330000000000003,2.4450000000000003,2.426,2.4450000000000003,3057475,744953941.0,0.0,15,2.4240000000000004,0
1697126400000,2.435,2.439,2.4290000000000003,2.438,2350410,572098647.0,0.0,15,2.4450000000000003,0
1697385600000,2.436,2.439,2.403,2.412,4040885,976063006.0,0.0,15,2.438,0
1697472000000,2.417,2.417,2.391,2.407,2213577,531052836.00000006,0.0,15,2.412,0
1697558400000,2.402,2.402,2.363,2.368,3577085,848798100.0,0.0,15,2.407,0
1697644800000,2.363,2.374,2.338,2.342,3075835,724384665.0000001,0.0,15,2.368,0
1697731200000,2.339,2.347,2.307,2.315,3447424,801385953.9999999,0.0,15,2.342,0
1697990400000,2.3049999999999997,2.3129999999999997,2.243,2.2529999999999997,3768233,855569651.0,0.0,15,2.315,0
1698076800000,2.253,2.299,2.249,2.285,2907221,660940498.0,0.0,15,2.253,0
1698163200000,2.2960000000000003,2.327,2.293,2.31,2497233,578377744.0,0.0,15,2.285,0
1698249600000,2.3,2.333,2.294,2.325,2147124,495865129.00000006,0.0,15,2.31,0
1698336000000,2.3209999999999997,2.38,2.311,2.372,2197719,517094201.0,0.0,15,2.3249999999999997,0
1698595200000,2.37,2.411,2.367,2.403,2043393,488373816.0,0.0,15,2.372,0
1698681600000,2.402,2.406,2.379,2.393,2005709,479716601.00000006,0.0,15,2.403,0
1698768000000,2.389,2.398,2.379,2.389,1738522,414831675.0,0.0,15,2.393,0
1698854400000,2.393,2.4,2.36,2.3609999999999998,2119152,502971702.0,0.0,15,2.389,0
1698940800000,2.361,2.402,2.361,2.3920000000000003,2755883,658600968.0,0.0,15,2.361,0
1699200000000,2.411,2.4410000000000003,2.3970000000000002,2.4400000000000004,2882066,700163077.0000001,0.0,15,2.3920000000000003,0
1699286400000,2.435,2.458,2.43,2.4490000000000003,3520611,860232277.0,0.0,15,2.44,0
1699372800000,2.439,2.466,2.439,2.455,2284739,560446897.0,0.0,15,2.449,0
1699459200000,2.448,2.468,2.436,2.444,1974741,483303462.0,0.0,15,2.455,0
1699545600000,2.436,2.443,2.424,2.4379999999999997,2010609,489432322.00000006,0.0,15,2.444,0
1699804800000,2.441,2.462,2.439,2.46,1918504,469927453.00000006,0.0,15,2.438,0
1699891200000,2.4549999999999996,2.481,2.453,2.4749999999999996,2190343,540471859.0,0.0,15,2.46,0
1699977600000,2.4859999999999998,2.496,2.476,2.4859999999999998,1937531,481343854.99999994,0.0,15,2.475,0
1700064000000,2.484,2.484,2.457,2.46,1859106,459214849.0,0.0,15,2.4859999999999998,0
1700150400000,2.457,2.485,2.451,2.482,1748320,431454865.0,0.0,15,2.46,0
1700409600000,2.4789999999999996,2.5069999999999997,2.473,2.505,2282782,568541593.0,0.0,15,2.4819999999999998,0
1700496000000,2.505,2.512,2.483,2.488,1959404,489562267.0,0.0,15,2.505,0
1700582400000,2.48,2.494,2.455,2.456,2231553,552528595.0,0.0,15,2.488,0
1700668800000,2.451,2.4850000000000003,2.446,2.483,2113058,521638410.0,0.0,15,2.456,0
1700755200000,2.478,2.482,2.443,2.45,2637191,647952280.0000001,0.0,15,2.483,0
1701014400000,2.448,2.456,2.431,2.452,1938464,473213035.0,0.0,15,2.45,0
1701100800000,2.444,2.462,2.426,2.4570000000000003,1950983,477743858.0,0.0,15,2.452,0
1701187200000,2.457,2.463,2.443,2.451,1979741,485938548.99999994,0.0,15,2.457,0
1701273600000,2.446,2.45,2.414,2.442,1942691,472042939.0,0.0,15,2.451,0
1701360000000,2.4370000000000003,2.463,2.422,2.454,1809012,440967316.99999994,0.0,15,2.442,0
1701619200000,2.4539999999999997,2.464,2.445,2.4469999999999996,1671884,410158986.0,0.0,15,2.4539999999999997,0
1701705600000,2.443,2.443,2.402,2.403,1761211,426564147.0,0.0,15,2.447,0
1701792000000,2.401,2.432,2.392,2.412,2382209,574200398.9999999,0.0,15,2.403,0
1701878400000,2.411,2.423,2.394,2.412,2323903,559486302.0000001,0.0,15,2.412,0
1701964800000,2.4210000000000003,2.4280000000000004,2.4050000000000002,2.4080000000000004,2546523,614797283.0,0.0,15,2.4120000000000004,0
1702224000000,2.378,2.4410000000000003,2.378,2.432,2471799,595758614.0,0.0,15,2.408,0
1702310400000,2.43,2.44,2.427,2.437,3116099,758397483.0,0.0,15,2.432,0
1702396800000,2.4320000000000004,2.4370000000000003,2.4130000000000003,2.4160000000000004,3147125,764857690.0,0.0,15,2.4370000000000003,0
1702483200000,2.428,2.437,2.4,2.404,2539925,614528182.0,0.0,15,2.416,0
1702569600000,2.404,2.415,2.378,2.387,2175764,521169394.0,0.0,15,2.404,0
1702828800000,2.38,2.384,2.343,2.351,1656024,391963558.0,0.0,15,2.387,0
1702915200000,2.35,2.362,2.335,2.352,2349095,551298341.0,0.0,15,2.351,0
1703001600000,2.352,2.355,2.312,2.3129999999999997,2295338,536081203.00000006,0.0,15,2.352,0
1703088000000,2.311,2.3320000000000003,2.281,2.325,1909772,440662663.0,0.0,15,2.313,0
1703174400000,2.3200000000000003,2.335,2.293,2.303,4507484,1039452453.0000001,0.0,15,2.325,0
1703433600000,2.303,2.31,2.286,2.299,2003262,459727377.0,0.0,15,2.303,0
1703520000000,2.297,2.297,2.2600000000000002,2.2680000000000002,3743079,850684821.0,0.0,15,2.2990000000000004,0
1703606400000,2.267,2.288,2.259,2.282,2385362,542276548.0,0.0,15,2.268,0
1703692800000,2.281,2.337,2.269,2.331,4370387,1009676869.9999999,0.0,15,2.282,0
1703779200000,2.332,2.368,2.328,2.368,4004796,942107390.0000001,0.0,15,2.331,0
1704124800000,2.368,2.389,2.34,2.3409999999999997,4333208,1020133312.0000001,0.0,15,2.368,0
1704211200000,2.337,2.3480000000000003,2.313,2.33,4853146,1133178685.9999998,0.0,15,2.341,0
1704297600000,2.33,2.33,2.299,2.316,3946831,913336120.0,0.0,15,2.33,0
1704384000000,2.314,2.321,2.266,2.274,3859333,888484976.0,0.0,15,2.316,0
1704643200000,2.266,2.267,2.205,2.216,4006802,895903499.0,0.0,15,2.274,0
1704729600000,2.218,2.244,2.205,2.223,3915389,871716210.0,0.0,15,2.216,0
1704816000000,2.2199999999999998,2.238,2.187,2.2079999999999997,2133568,471568633.00000006,0.0,15,2.223,0
1704902400000,2.2079999999999997,2.263,2.206,2.249,2409292,538456208.0,0.0,15,2.2079999999999997,0
1704988800000,2.2479999999999998,2.2649999999999997,2.231,2.234,2591707,582462617.0,0.0,15,2.2489999999999997,0
1705248000000,2.23,2.25,2.212,2.226,1849507,412722352.00000006,0.0,15,2.234,0
1705334400000,2.2,2.231,2.189,2.218,1815127,401808821.99999994,0.0,15,2.226,0
1705420800000,2.21,2.215,2.158,2.162,2191724,481448202.0,0.0,15,2.218,0
1705507200000,2.1500000000000004,2.1660000000000004,2.087,2.1510000000000002,2754857,583984402.0,0.0,15,2.1620000000000004,0
1705593600000,2.136,2.16,2.12,2.121,2488406,533369472.0,0.0,15,2.1510000000000002,0
1705852800000,2.12,2.121,1.988,2.006,2441502,502720873.0,0.0,15,2.121,0
1705939200000,2.005,2.042,1.974,2.032,2212581,445780452.0,0.0,15,2.006,0
1706025600000,2.045,2.065,1.981,2.061,1731035,351045144.0,0.0,15,2.032,0
1706112000000,2.058,2.136,2.049,2.134,1710870,358827020.00000006,0.0,15,2.061,0
1706198400000,2.138,2.146,2.108,2.112,1445567,307818235.0,0.0,15,2.134,0
1706457600000,2.092,2.1270000000000002,2.051,2.0540000000000003,1172007,243962083.0,0.0,15,2.112,0
1706544000000,2.048,2.061,1.996,1.998,1402470,285037030.0,0.0,15,2.054,0
1706630400000,1.991,1.999,1.911,1.917,1992011,389365656.0,0.0,15,1.998,0
1706716800000,1.911,1.95,1.877,1.903,2026053,387109445.0,0.0,15,1.917,0
1706803200000,1.903,1.93,1.78,1.834,2294474,424239130.00000006,0.0,15,1.903,0
1707062400000,1.794,1.81,1.675,1.721,2139684,374043651.0,0.0,15,1.834,0
1707148800000,1.7009999999999998,1.863,1.678,1.843,25069781,4391427105.0,0.0,15,1.7209999999999999,0
1707235200000,1.843,1.948,1.843,1.932,11728945,2242885828.0,0.0,15,1.843,0
1707321600000,1.941,2.036,1.941,2.003,4831205,969521221.9999999,0.0,15,1.9320000000000002,0
1708272000000,2.018,2.034,1.978,2.008,8714525,1751580705.9999998,0.0,15,2.003,0
1708358400000,1.9809999999999999,2.03,1.98,2.018,2383927,476379316.0,0.0,15,2.008,0
1708444800000,2.003,2.087,1.995,2.0260000000000002,4358149,891841607.0,0.0,15,2.0180000000000002,0
1708531200000,2.0220000000000002,2.065,2.019,2.063,2654572,543371474.0,0.0,15,2.0260000000000002,0
1708617600000,2.0660000000000003,2.099,2.0460000000000003,2.0980000000000003,2021166,418466956.0,0.0,15,2.063,0
1708876800000,2.098,2.133,2.08,2.101,2443227,513890016.99999994,0.0,15,2.098,0
1708963200000,2.093,2.1630000000000003,2.088,2.16,2513471,535815765.0,0.0,15,2.101,0
1709049600000,2.161,2.194,2.056,2.058,4559426,974245595.0000001,0.0,15,2.16,0
1709136000000,2.053,2.144,2.052,2.14,3177719,670477803.0,0.0,15,2.058,0
1709222400000,2.138,2.169,2.128,2.1670000000000003,3582387,768899631.0000001,0.0,15,2.14,0
1709481600000,2.1670000000000003,2.1740000000000004,2.1310000000000002,2.1700000000000004,3499614,754288012.0,0.0,15,2.1670000000000003,0
1709568000000,2.1510000000000002,2.168,2.136,2.15,6272861,1352835436.0,0.0,15,2.17,0
1709654400000,2.141,2.177,2.126,2.15,2349082,505668165.99999994,0.0,15,2.15,0
1709740800000,2.153,2.176,2.12,2.121,2796756,598940432.0,0.0,15,2.15,0
1709827200000,2.121,2.158,2.113,2.147,1685612,360391532.0,0.0,15,2.121,0
1710086400000,2.14,2.192,2.136,2.19,2264600,489469113.0,0.0,15,2.1470000000000002,0
1710172800000,2.189,2.215,2.177,2.199,2207140,484527232.0,0.0,15,2.19,0
1710259200000,2.1999999999999997,2.229,2.19,2.209,1582076,349491720.0,0.0,15,2.199,0
1710345600000,2.204,2.2190000000000003,2.1750000000000003,2.196,2203822,484398456.0,0.0,15,2.209,0
1710432000000,2.191,2.232,2.181,2.231,2244559,494147375.00000006,0.0,15,2.196,0
1710691200000,2.23,2.2649999999999997,2.223,2.263,1631210,366451731.0,0.0,15,2.231,0
1710777600000,2.262,2.265,2.242,2.245,1302348,293308164.0,0.0,15,2.263,0
1710864000000,2.251,2.27,2.242,2.265,2557523,577522155.0,0.0,15,2.245,0
1710950400000,2.267,2.2800000000000002,2.249,2.263,1723980,390286063.0,0.0,15,2.265,0
1711036800000,2.2560000000000002,2.263,2.221,2.239,1703250,380985040.0,0.0,15,2.263,0
1711296000000,2.238,2.247,2.189,2.193,2350307,524356934.0,0.0,15,2.239,0
1711382400000,2.1910000000000003,2.202,2.156,2.177,2008220,437633563.0,0.0,15,2.193,0
1711468800000,2.18,2.18,2.109,2.1149999999999998,2133284,457513826.0,0.0,15,2.177,0
1711555200000,2.111,2.1780000000000004,2.107,2.156,1970441,424666090.0,0.0,15,2.115,0
1711641600000,2.156,2.181,2.1390000000000002,2.18,2497564,538280476.0,0.0,15,2.156,0
1711900800000,2.181,2.229,2.181,2.225,2147015,475102414.0,0.0,15,2.18,0
1711987200000,2.226,2.226,2.198,2.214,1975684,436650082.0,0.0,15,2.225,0
1712073600000,2.214,2.214,2.183,2.2039999999999997,1917283,421148983.00000006,0.0,15,2.214,0
1712505600000,2.202,2.202,2.16,2.161,1229414,268176104.0,0.0,15,2.204,0
1712592000000,2.162,2.191,2.158,2.1879999999999997,1452186,315576692.99999994,0.0,15,2.161,0
1712678400000,2.187,2.187,2.133,2.15,1175153,253613419.0,0.0,15,2.188,0
1712764800000,2.137,2.181,2.136,2.156,1689000,365027059.0,0.0,15,2.15,0
1712851200000,2.157,2.1670000000000003,2.1350000000000002,2.137,1189851,255969641.00000003,0.0,15,2.156,0
1713110400000,2.1399999999999997,2.149,2.086,2.1189999999999998,1644654,348482772.0,0.0,15,2.137,0
1713196800000,2.0980000000000003,2.1140000000000003,2.027,2.0300000000000002,2627761,542171994.0,0.0,15,2.119,0
1713283200000,2.0420000000000003,2.1210000000000004,2.0420000000000003,2.12,1798988,376705208.00000006,0.0,15,2.0300000000000002,0
1713369600000,2.108,2.144,2.093,2.1189999999999998,2126982,452032606.99999994,0.0,15,2.12,0
1713456000000,2.1140000000000003,2.1300000000000003,2.091,2.1060000000000003,2141624,451033730.0,0.0,15,2.119,0
1713715200000,2.085,2.127,2.077,2.0989999999999998,1557698,328246573.0,0.0,15,2.106,0
1713801600000,2.101,2.1109999999999998,2.078,2.0879999999999996,1612806,337104531.0,0.0,15,2.0989999999999998,0
1713888000000,2.093,2.1310000000000002,2.083,2.129,1667321,351890465.00000006,0.0,15,2.088,0
1713974400000,2.129,2.149,2.114,2.1279999999999997,1346035,287084183.00000006,0.0,15,2.129,0
1714060800000,2.128,2.176,2.128,2.169,2103298,454048574.00000006,0.0,15,2.128,0
1714320000000,2.1670000000000003,2.229,2.1670000000000003,2.225,4018996,890339720.0,0.0,15,2.169,0
1714406400000,2.228,2.228,2.196,2.202,1351473,298755053.0,0.0,15,2.225,0
1714924800000,2.243,2.2529999999999997,2.231,2.242,2131306,477829177.0,0.0,15,2.202,0
1715011200000,2.2409999999999997,2.258,2.239,2.252,1722335,387346466.0,0.0,15,2.242,0
1715097600000,2.2489999999999997,2.2489999999999997,2.215,2.2199999999999998,1584034,353081543.0,0.0,15,2.252,0
1715184000000,2.2230000000000003,2.2630000000000003,2.22,2.2560000000000002,1701258,382968761.0,0.0,15,2.22,0
1715270400000,2.2560000000000002,2.266,2.224,2.2350000000000003,2453640,547908766.0,0.0,15,2.2560000000000002,0
1715529600000,2.2249999999999996,2.2319999999999998,2.195,2.214,1849139,409090408.0,0.0,15,2.235,0
1715616000000,2.214,2.241,2.214,2.226,2192143,487928747.0,0.0,15,2.214,0
1715702400000,2.2230000000000003,2.228,2.2,2.205,1191349,263917162.99999997,0.0,15,2.226,0
1715788800000,2.21,2.2239999999999998,2.194,2.203,1174887,259457719.99999997,0.0,15,2.205,0
1715875200000,2.205,2.236,2.197,2.235,1972321,437271395.0,0.0,15,2.203,0
1716134400000,2.236,2.2550000000000003,2.228,2.241,3191401,715518835.0,0.0,15,2.2350000000000003,0
1716220800000,2.241,2.241,2.213,2.222,1496077,332883658.0,0.0,15,2.241,0
1716307200000,2.217,2.231,2.209,2.223,569924,126520468.0,0.0,15,2.222,0
1716393600000,2.219,2.219,2.166,2.1759999999999997,1179641,257795094.0,0.0,15,2.223,0
1716480000000,2.165,2.185,2.148,2.1510000000000002,881880,191085922.0,0.0,15,2.176,0
1716739200000,2.151,2.17,2.125,2.169,1014783,217351742.0,0.0,15,2.151,0
1716825600000,2.1620000000000004,2.1750000000000003,2.1470000000000002,2.149,803850,173680427.0,0.0,15,2.169,0
1716912000000,2.141,2.168,2.1390000000000002,2.152,739710,159428710.0,0.0,15,2.149,0
1716998400000,2.141,2.163,2.134,2.1479999999999997,703656,151265522.0,0.0,15,2.1519999999999997,0
1717084800000,2.15,2.167,2.15,2.155,945112,204161904.0,0.0,15,2.148,0
1717344000000,2.1559999999999997,2.1559999999999997,2.11,2.125,1182355,251681816.00000003,0.0,15,2.155,0
1717430400000,2.1220000000000003,2.144,2.107,2.1420000000000003,1030008,218916640.0,0.0,15,2.125,0
1717516800000,2.136,2.1470000000000002,2.112,2.112,613764,130899729.0,0.0,15,2.142,0
1717603200000,2.116,2.133,2.059,2.073,1444606,301949509.0,0.0,15,2.112,0
1717689600000,2.085,2.097,2.055,2.075,887567,184186609.0,0.0,15,2.073,0
1718035200000,2.063,2.104,2.051,2.099,940771,195390530.0,0.0,15,2.075,0
1718121600000,2.098,2.11,2.094,2.102,869630,183013585.0,0.0,15,2.0989999999999998,0
1718208000000,2.1079999999999997,2.1079999999999997,2.086,2.0919999999999996,826076,173014608.0,0.0,15,2.102,0
1718294400000,2.092,2.1,2.077,2.094,1641257,342638765.0,0.0,15,2.092,0
1718553600000,2.093,2.1039999999999996,2.082,2.0919999999999996,921550,193277129.0,0.0,15,2.094,0
1718640000000,2.094,2.116,2.092,2.112,1466011,309080603.0,0.0,15,2.092,0
1718726400000,2.114,2.1189999999999998,2.082,2.0839999999999996,1677194,350661568.0,0.0,15,2.1119999999999997,0
1718812800000,2.08,2.088,2.041,2.044,1335336,274909347.0,0.0,15,2.084,0
1718899200000,2.041,2.054,2.029,2.04,1027330,209802469.99999997,0.0,15,2.044,0
1719158400000,2.031,2.032,1.974,1.976,918318,183558439.0,0.0,15,2.04,0
1719244800000,1.974,1.987,1.947,1.961,1057806,208427575.00000003,0.0,15,1.976,0
1719331200000,1.9549999999999998,2.021,1.948,2.016,1252348,248566866.99999997,0.0,15,1.9609999999999999,0
1719417600000,2.016,2.016,1.967,1.973,1142421,226981243.00000003,0.0,15,2.016,0
1719504000000,1.9709999999999999,2.014,1.966,1.98,2287155,457419367.0,0.0,15,1.9729999999999999,0
1719763200000,1.98,2.007,1.957,1.998,1647743,325422082.0,0.0,15,1.98,0
1719849600000,1.9949999999999999,2.004,1.976,1.984,1334398,265389586.00000003,0.0,15,1.998,0
1719936000000,1.9829999999999999,1.9869999999999999,1.966,1.9709999999999999,649884,128522379.00000001,0.0,15,1.984,0
1720022400000,1.9709999999999999,1.978,1.92,1.928,3184308,616642476.0,0.0,15,1.9709999999999999,0
1720108800000,1.923,1.9580000000000002,1.9100000000000001,1.9480000000000002,1848563,356553890.00000006,0.0,15,1.9280000000000002,0
1720368000000,1.9400000000000002,1.9440000000000002,1.8940000000000001,1.9020000000000001,1024308,196305449.0,0.0,15,1.9480000000000002,0
1720454400000,1.901,1.9520000000000002,1.8840000000000001,1.943,2124065,406856675.0,0.0,15,1.9020000000000001,0
1720540800000,1.9369999999999998,1.958,1.93,1.9349999999999998,972918,189182129.0,0.0,15,1.9429999999999998,0
1720627200000,1.9589999999999999,1.986,1.954,1.984,1685065,333082690.0,0.0,15,1.935,0
1720713600000,1.98,1.9869999999999999,1.968,1.9769999999999999,891315,176280214.0,0.0,15,1.984,0
1720972800000,1.966,1.973,1.949,1.955,6786263,1333901661.0,0.0,15,1.977,0
1721059200000,1.95,1.965,1.939,1.959,2067574,403297091.0,0.0,15,1.955,0
1721145600000,1.954,1.963,1.943,1.949,6785616,1324764675.0,0.0,15,1.959,0
1721232000000,1.941,1.957,1.915,1.952,6050288,1169549607.0000002,0.0,15,1.949,0
1721318400000,1.938,1.973,1.937,1.956,3123476,612169906.0,0.0,15,1.952,0
1721577600000,1.955,1.967,1.945,1.955,1690697,330990553.00000006,0.0,15,1.956,0
1721664000000,1.954,1.959,1.903,1.906,961164,185421178.0,0.0,15,1.955,0
1721750400000,1.906,1.911,1.875,1.879,2200226,416390179.00000006,0.0,15,1.906,0
1721836800000,1.874,1.901,1.864,1.8800000000000001,1962699,369601098.0,0.0,15,1.879,0
1721923200000,1.875,1.914,1.875,1.909,839670,159973028.00000003,0.0,15,1.88,0
1722182400000,1.9100000000000001,1.913,1.8940000000000001,1.9000000000000001,687394,130689077.0,0.0,15,1.909,0
1722268800000,1.9000000000000001,1.917,1.8800000000000001,1.909,731559,138994825.0,0.0,15,1.9000000000000001,0
1722355200000,1.9060000000000001,1.991,1.9040000000000001,1.989,2677526,523075892.99999994,0.0,15,1.909,0
1722441600000,1.991,2.005,1.967,1.979,1251908,248633901.0,0.0,15,1.989,0
1722528000000,1.97,1.991,1.947,1.951,885786,174408080.0,0.0,15,1.979,0
1722787200000,1.9440000000000002,1.973,1.8980000000000001,1.9000000000000001,2446185,471737493.0,0.0,15,1.951,0
1722873600000,1.918,1.937,1.903,1.925,1086489,208513204.0,0.0,15,1.9000000000000001,0
1722960000000,1.919,1.936,1.911,1.921,1482717,285540002.0,0.0,15,1.925,0
1723046400000,1.917,1.9400000000000002,1.8980000000000001,1.925,1293771,248457600.0,0.0,15,1.921,0
1723132800000,1.927,1.947,1.907,1.91,1112318,214019872.0,0.0,15,1.925,0
1723392000000,1.9040000000000001,1.911,1.8920000000000001,1.9000000000000001,884857,168250958.0,0.0,15,1.9100000000000001,0
1723478400000,1.9,1.909,1.887,1.906,1029969,195298821.0,0.0,15,1.9,0
1723564800000,1.906,1.908,1.885,1.886,1263345,239221086.0,0.0,15,1.906,0
1723651200000,1.885,1.9280000000000002,1.8780000000000001,1.9020000000000001,2106175,401997486.0,0.0,15,1.8860000000000001,0
1723737600000,1.905,1.911,1.8880000000000001,1.889,1349445,255741656.99999997,0.0,15,1.9020000000000001,0
1723996800000,1.8860000000000001,1.9180000000000001,1.8860000000000001,1.893,981368,186647157.00000003,0.0,15,1.889,0
1724083200000,1.894,1.894,1.851,1.859,3995827,744787072.0,0.0,15,1.893,0
1724169600000,1.8479999999999999,1.865,1.847,1.849,924032,171273469.0,0.0,15,1.859,0
1724256000000,1.851,1.856,1.824,1.828,1267138,232143062.0,0.0,15,1.849,0
1724342400000,1.825,1.834,1.816,1.829,1797285,328216074.0,0.0,15,1.828,0
1724601600000,1.828,1.845,1.822,1.835,1801163,330757353.0,0.0,15,1.829,0
1724688000000,1.833,1.833,1.808,1.814,3640747,661816635.0000001,0.0,15,1.835,0
1724774400000,1.812,1.834,1.806,1.816,1936141,352432551.0,0.0,15,1.814,0
1724860800000,1.813,1.8559999999999999,1.809,1.847,1386058,254819321.0,0.0,15,1.8159999999999998,0
1724947200000,1.847,1.911,1.845,1.88,3125977,590989923.0,0.0,15,1.847,0
1725206400000,1.8800000000000001,1.887,1.838,1.843,1923779,357997523.0,0.0,15,1.8800000000000001,0
1725292800000,1.843,1.8699999999999999,1.839,1.857,1183897,219638037.99999997,0.0,15,1.843,0
1725379200000,1.849,1.8679999999999999,1.839,1.8499999999999999,1434298,265293088.0,0.0,15,1.857,0
1725465600000,1.8559999999999999,1.878,1.851,1.8639999999999999,781733,145656811.0,0.0,15,1.85,0
1725552000000,1.8679999999999999,1.8699999999999999,1.829,1.835,1212946,224019966.0,0.0,15,1.8639999999999999,0
1725811200000,1.827,1.841,1.812,1.817,767926,140084368.00000003,0.0,15,1.835,0
1725897600000,1.82,1.8350000000000002,1.7890000000000001,1.824,1147363,207623849.0,0.0,15,1.8170000000000002,0
1725984000000,1.818,1.832,1.812,1.828,3744421,683459437.0000001,0.0,15,1.824,0
1726070400000,1.829,1.849,1.816,1.818,1368186,250737847.99999997,0.0,15,1.828,0
1726156800000,1.821,1.823,1.796,1.796,943829,170741641.0,0.0,15,1.818,0
1726588800000,1.798,1.8,1.766,1.792,829094,147830989.0,0.0,15,1.796,0
1726675200000,1.8090000000000002,1.844,1.7830000000000001,1.824,2205974,401664012.0,0.0,15,1.792,0
1726761600000,1.819,1.825,1.799,1.815,7459702,1352756947.0,0.0,15,1.8239999999999998,0
1727020800000,1.814,1.839,1.808,1.816,1166679,213088767.0,0.0,15,1.815,0
1727107200000,1.83,1.8940000000000001,1.814,1.8920000000000001,3955366,732132068.0,0.0,15,1.816,0
1727193600000,1.931,1.952,1.901,1.906,2679655,516182848.00000006,0.0,15,1.8920000000000001,0
1727280000000,1.897,1.998,1.897,1.997,3640984,710096122.0,0.0,15,1.906,0
1727366400000,2.0210000000000004,2.1630000000000003,2.0100000000000002,2.1630000000000003,1114643,229106095.0,0.0,15,1.9970000000000003,0
1727625600000,2.27,2.378,2.165,2.364,7559128,1725930508.0000002,0.0,15,2.1630000000000003,0
1728316800000,2.6,2.6,2.398,2.536,4261380,1073315201.0,0.0,15,2.3640000000000003,0
1728403200000,2.4,2.489,2.312,2.3289999999999997,3439866,825532576.0,0.0,15,2.536,0
1728489600000,2.326,2.399,2.2760000000000002,2.293,2882178,672968176.0,0.0,15,2.329,0
1728576000000,2.291,2.293,2.173,2.204,3474051,771604893.0,0.0,15,2.293,0
1728835200000,2.205,2.2870000000000004,2.1710000000000003,2.2860000000000005,3281580,731011337.0,0.0,15,2.204,0
1728921600000,2.271,2.3169999999999997,2.235,2.2369999999999997,2362829,537441379.0,0.0,15,2.286,0
1729008000000,2.2159999999999997,2.282,2.21,2.246,2652344,596414522.0,0.0,15,2.237,0
1729094400000,2.255,2.287,2.235,2.2359999999999998,2485464,562571283.0,0.0,15,2.246,0
1729180800000,2.234,2.413,2.231,2.339,5449908,1275585923.0,0.0,15,2.2359999999999998,0
1729440000000,2.343,2.421,2.343,2.38,3019192,720347044.0,0.0,15,2.339,0
1729526400000,2.37,2.4170000000000003,2.362,2.391,2229038,530395370.0,0.0,15,2.38,0
1729612800000,2.397,2.4419999999999997,2.38,2.4,2991305,722038837.9999999,0.0,15,2.391,0
1729699200000,2.387,2.396,2.362,2.383,1388510,329998059.0,0.0,15,2.4,0
1729785600000,2.3810000000000002,2.45,2.3810000000000002,2.4330000000000003,2888339,701030371.0,0.0,15,2.383,0
1730044800000,2.436,2.475,2.422,2.475,1954778,479024327.0,0.0,15,2.4330000000000003,0
1730131200000,2.478,2.486,2.431,2.433,3754015,921219666.9999999,0.0,15,2.475,0
1730217600000,2.429,2.457,2.415,2.446,4623139,1123541047.0,0.0,15,2.433,0
1730304000000,2.4469999999999996,2.51,2.437,2.488,1449626,359190797.0,0.0,15,2.4459999999999997,0
1730390400000,2.483,2.486,2.407,2.414,1750487,426246867.00000006,0.0,15,2.488,0
1730649600000,2.4,2.467,2.4,2.465,3698954,901803546.0,0.0,15,2.4139999999999997,0
1730736000000,2.456,2.562,2.456,2.549,2195072,553462724.0,0.0,15,2.465,0
1730822400000,2.5530000000000004,2.5900000000000003,2.5380000000000003,2.5610000000000004,1416741,363329632.0,0.0,15,2.5490000000000004,0
1730908800000,2.541,2.609,2.533,2.604,4002905,1030541682.0,0.0,15,2.561,0
1730995200000,2.61,2.654,2.604,2.614,2320454,610175609.0,0.0,15,2.604,0
1731254400000,2.598,2.672,2.597,2.668,1313449,347837056.0,0.0,15,2.614,0
1731340800000,2.66,2.6910000000000003,2.612,2.6350000000000002,2112143,560107586.0,0.0,15,2.668,0
1731427200000,2.616,2.645,2.585,2.628,2141100,558476486.0,0.0,15,2.635,0
1731513600000,2.621,2.626,2.548,2.557,3539021,908800615.0,0.0,15,2.628,0
1731600000000,2.544,2.572,2.488,2.4899999999999998,1662982,420945568.0,0.0,15,2.557,0
1731859200000,2.492,2.5050000000000003,2.414,2.432,2866918,704753891.0,0.0,15,2.49,0
1731945600000,2.432,2.491,2.416,2.4899999999999998,2325185,569912091.0,0.0,15,2.432,0
1732032000000,2.48,2.5460000000000003,2.479,2.539,2002632,501156439.00000006,0.0,15,2.49,0
1732118400000,2.539,2.556,2.516,2.543,1004971,255295767.0,0.0,15,2.539,0
1732204800000,2.532,2.549,2.449,2.4499999999999997,1135536,283687140.0,0.0,15,2.5429999999999997,0
1732464000000,2.4539999999999997,2.467,2.416,2.4579999999999997,588281,143594744.00000003,0.0,15,2.4499999999999997,0
1732550400000,2.45,2.4770000000000003,2.43,2.4330000000000003,504731,123608519.0,0.0,15,2.458,0
1732636800000,2.42,2.492,2.382,2.4890000000000003,868453,211170399.0,0.0,15,2.4330000000000003,0
1732723200000,2.483,2.507,2.468,2.476,875639,218190813.0,0.0,15,2.489,0
1732809600000,2.468,2.539,2.454,2.5170000000000003,977141,244388737.0,0.0,15,2.476,0
1733068800000,2.52,2.5740000000000003,2.5100000000000002,2.5620000000000003,778758,198984870.00000003,0.0,15,2.5170000000000003,0
1733155200000,2.5650000000000004,2.5810000000000004,2.5340000000000003,2.5650000000000004,1106296,282804046.0,0.0,15,2.5620000000000003,0
1733241600000,2.559,2.5610000000000004,2.5100000000000002,2.5260000000000002,796466,202339498.0,0.0,15,2.5650000000000004,0
1733328000000,2.5100000000000002,2.564,2.5100000000000002,2.5540000000000003,675022,171942704.0,0.0,15,2.5260000000000002,0
1733414400000,2.552,2.598,2.529,2.5829999999999997,1135756,290937947.0,0.0,15,2.554,0
1733673600000,2.5789999999999997,2.59,2.541,2.5589999999999997,755194,193952208.99999997,0.0,15,2.5829999999999997,0
1733760000000,2.6599999999999997,2.6599999999999997,2.582,2.5879999999999996,1669346,436765006.0,0.0,15,2.5589999999999997,0
1733846400000,2.583,2.623,2.583,2.6180000000000003,1082651,282640640.0,0.0,15,2.588,0
1733932800000,2.6189999999999998,2.642,2.597,2.639,1855779,487369865.0,0.0,15,2.618,0
1734019200000,2.63,2.63,2.585,2.5909999999999997,1382043,359989809.00000006,0.0,15,2.639,0
1734278400000,2.591,2.591,2.5460000000000003,2.5540000000000003,705108,180601299.00000003,0.0,15,2.591,0
1734364800000,2.548,2.549,2.496,2.502,1095649,275900210.0,0.0,15,2.554,0
1734451200000,2.507,2.5380000000000003,2.491,2.5180000000000002,484566,122011855.00000001,0.0,15,2.5020000000000002,0
1734537600000,2.5020000000000002,2.5330000000000004,2.482,2.527,830182,207745902.00000003,0.0,15,2.5180000000000002,0
1734624000000,2.5210000000000004,2.568,2.5180000000000002,2.5490000000000004,832167,212016843.0,0.0,15,2.527,0
1734883200000,2.5410000000000004,2.5490000000000004,2.478,2.484,1315277,330425606.0,0.0,15,2.5490000000000004,0
1734969600000,2.483,2.5060000000000002,2.47,2.5050000000000003,881529,219803151.0,0.0,15,2.484,0
1735056000000,2.5,2.501,2.456,2.484,1559703,385954649.0,0.0,15,2.505,0
1735142400000,2.4829999999999997,2.514,2.477,2.504,1354040,339233060.0,0.0,15,2.484,0
1735228800000,2.5,2.545,2.493,2.512,1100715,277759817.99999994,0.0,15,2.504,0
1735488000000,2.503,2.52,2.482,2.5020000000000002,905616,226471757.0,0.0,15,2.512,0
1735574400000,2.5020000000000002,2.5160000000000005,2.4210000000000003,2.423,859806,211823161.0,0.0,15,2.5020000000000002,0
1735747200000,2.4210000000000003,2.4320000000000004,2.333,2.359,1526773,364886926.00000006,0.0,15,2.423,0
1735833600000,2.3600000000000003,2.365,2.2840000000000003,2.293,1538175,357407401.0,0.0,15,2.3590000000000004,0
1736092800000,2.293,2.313,2.2640000000000002,2.2800000000000002,2022216,462011336.0,0.0,15,2.293,0
1736179200000,2.279,2.314,2.269,2.314,1070984,245259384.0,0.0,15,2.2800000000000002,0
1736265600000,2.303,2.321,2.237,2.302,2078010,474339655.0,0.0,15,2.314,0
1736352000000,2.281,2.323,2.281,2.313,1181267,272956352.0,0.0,15,2.302,0
1736438400000,2.3040000000000003,2.3280000000000003,2.257,2.262,872939,200245442.0,0.0,15,2.313,0
1736697600000,2.2359999999999998,2.279,2.223,2.2609999999999997,883725,199012116.00000003,0.0,15,2.262,0
1736784000000,2.272,2.368,2.262,2.364,1796954,419706646.0,0.0,15,2.261,0
1736870400000,2.364,2.364,2.339,2.3489999999999998,782986,184007619.0,0.0,15,2.364,0
1736956800000,2.358,2.4040000000000004,2.341,2.3600000000000003,1168576,277655308.0,0.0,15,2.349,0
1737043200000,2.353,2.3960000000000004,2.341,2.3770000000000002,1185760,280760025.0,0.0,15,2.3600000000000003,0
1737302400000,2.3850000000000002,2.414,2.382,2.39,2059725,494572162.99999994,0.0,15,2.3770000000000002,0
1737388800000,2.3970000000000002,2.4130000000000003,2.37,2.407,990437,236678069.0,0.0,15,2.39,0
1737475200000,2.398,2.398,2.369,2.3850000000000002,1434502,342080871.0,0.0,15,2.407,0
1737561600000,2.3979999999999997,2.44,2.372,2.372,1656794,399124159.0,0.0,15,2.385,0
1737648000000,2.363,2.421,2.363,2.42,1354259,326032994.0,0.0,15,2.372,0
1737907200000,2.4219999999999997,2.428,2.376,2.377,1022782,245117332.00000003,0.0,15,2.42,0
1738684800000,2.39,2.415,2.379,2.393,850525,203911602.0,0.0,15,2.3770000000000002,0
1738771200000,2.393,2.462,2.379,2.458,731240,177698732.0,0.0,15,2.393,0
1738857600000,2.461,2.525,2.457,2.4939999999999998,3426686,854759598.0,0.0,15,2.4579999999999997,0
1739116800000,2.496,2.532,2.492,2.524,1013815,254793582.0,0.0,15,2.4939999999999998,0
1739203200000,2.524,2.531,2.494,2.519,1072078,269108107.0,0.0,15,2.524,0
1739289600000,2.514,2.557,2.513,2.556,723040,183402595.0,0.0,15,2.5189999999999997,0
1739376000000,2.559,2.559,2.528,2.533,953344,242141162.0,0.0,15,2.556,0
1739462400000,2.524,2.548,2.5140000000000002,2.5420000000000003,2195313,555771292.0,0.0,15,2.5330000000000004,0
1739721600000,2.552,2.5669999999999997,2.537,2.553,3416280,872313030.0,0.0,15,2.542,0
1739808000000,2.5500000000000003,2.5580000000000003,2.486,2.5010000000000003,1727836,434992331.00000006,0.0,15,2.5530000000000004,0
1739894400000,2.5029999999999997,2.561,2.497,2.5589999999999997,1804663,457662845.0,0.0,15,2.501,0
1739980800000,2.5580000000000003,2.5850000000000004,2.5500000000000003,2.575,1218951,312378290.00000006,0.0,15,2.559,0
1740067200000,2.578,2.6350000000000002,2.568,2.629,592428,154321160.0,0.0,15,2.575,0
1740326400000,2.629,2.644,2.607,2.624,1534771,403371873.99999994,0.0,15,2.629,0
1740412800000,2.594,2.6439999999999997,2.586,2.617,725697,189732655.0,0.0,15,2.6239999999999997,0
1740499200000,2.6189999999999998,2.659,2.609,2.653,964012,254558948.00000003,0.0,15,2.617,0
1740585600000,2.65,2.664,2.604,2.64,717141,188781846.99999997,0.0,15,2.653,0
1740672000000,2.6300000000000003,2.6300000000000003,2.5460000000000003,2.559,2014908,517620760.0,0.0,15,2.64,0
1740931200000,2.5509999999999997,2.5949999999999998,2.537,2.552,1304093,334341670.00000006,0.0,15,2.5589999999999997,0
1741017600000,2.525,2.5869999999999997,2.525,2.586,848669,217939433.0,0.0,15,2.552,0
1741104000000,2.585,2.605,2.567,2.5980000000000003,1506980,388949402.0,0.0,15,2.5860000000000003,0
1741190400000,2.606,2.6679999999999997,2.606,2.658,484207,127803414.99999999,0.0,15,2.598,0
1741276800000,2.653,2.6750000000000003,2.6310000000000002,2.6500000000000004,564004,149845645.00000003,0.0,15,2.6580000000000004,0
1741536000000,2.6460000000000004,2.66,2.6270000000000002,2.6500000000000004,984284,260300227.0,0.0,15,2.6500000000000004,0
1741622400000,2.627,2.665,2.618,2.665,349080,92168339.0,0.0,15,2.65,0
1741708800000,2.6710000000000003,2.7,2.6670000000000003,2.673,616906,165258632.00000003,0.0,15,2.6650000000000005,0
1741795200000,2.6670000000000003,2.673,2.604,2.632,578100,152015469.00000003,0.0,15,2.673,0
1741881600000,2.63,2.678,2.613,2.677,1834403,487990179.0,0.0,15,2.632,0
1742140800000,2.681,2.687,2.665,2.677,1525156,408048322.0,0.0,15,2.677,0
1742227200000,2.684,2.704,2.677,2.686,775723,208686530.00000003,0.0,15,2.677,0
1742313600000,2.68,2.687,2.657,2.671,937650,250732945.0,0.0,15,2.686,0
1742400000000,2.67,2.6830000000000003,2.652,2.6590000000000003,999282,266491328.0,0.0,15,2.6710000000000003,0
1742486400000,2.653,2.654,2.596,2.608,1843205,483114246.99999994,0.0,15,2.6590000000000003,0
1742745600000,2.598,2.606,2.541,2.5869999999999997,1659658,426763040.0,0.0,15,2.608,0
1742832000000,2.58,2.594,2.557,2.57,1135920,292361352.0,0.0,15,2.5869999999999997,0
1742918400000,2.562,2.593,2.561,2.572,1392931,359302777.0,0.0,15,2.57,0
1743004800000,2.5700000000000003,2.6020000000000003,2.5420000000000003,2.576,621015,159650452.0,0.0,15,2.572,0
1743091200000,2.575,2.5860000000000003,2.5460000000000003,2.5500000000000003,457662,117297347.00000001,0.0,15,2.576,0
1743350400000,2.54,2.5490000000000004,2.5020000000000002,2.535,1088009,274776508.0,0.0,15,2.5500000000000003,0
1743436800000,2.5340000000000003,2.563,2.5340000000000003,2.544,796589,203126476.0,0.0,15,2.535,0
1743523200000,2.544,2.571,2.54,2.553,744958,190591717.99999997,0.0,15,2.544,0
1743609600000,2.529,2.564,2.511,2.524,1085355,275060163.0,0.0,15,2.553,0
1743955200000,2.394,2.4450000000000003,2.2720000000000002,2.2720000000000002,1481208,345656025.0,0.0,15,2.524,0
1744041600000,2.2199999999999998,2.3,2.206,2.25,25323891,5663443696.0,0.0,15,2.272,0
1744128000000,2.221,2.314,2.12,2.291,1924939,429563496.00000006,0.0,15,2.25,0
1744214400000,2.324,2.395,2.324,2.352,1557456,368581855.00000006,0.0,15,2.291,0
1744300800000,2.3400000000000003,2.4130000000000003,2.337,2.383,1054914,250703125.0,0.0,15,2.3520000000000003,0
1744560000000,2.4099999999999997,2.433,2.404,2.4099999999999997,870986,210327800.0,0.0,15,2.383,0
1744646400000,2.412,2.419,2.39,2.4050000000000002,652709,156621617.00000003,0.0,15,2.41,0
1744732800000,2.392,2.398,2.347,2.375,2222369,527017121.00000006,0.0,15,2.405,0
1744819200000,2.3619999999999997,2.4,2.36,2.379,975212,233097238.0,0.0,15,2.375,0
1744905600000,2.379,2.385,2.356,2.3729999999999998,1112145,263298500.0,0.0,15,2.379,0
1745164800000,2.362,2.4210000000000003,2.357,2.4200000000000004,904186,217195160.00000003,0.0,15,2.373,0
1745251200000,2.417,2.43,2.407,2.42,982586,237721753.0,0.0,15,2.42,0
1745337600000,2.4210000000000003,2.4520000000000004,2.4210000000000003,2.434,781065,190370972.0,0.0,15,2.4200000000000004,0
1745424000000,2.435,2.435,2.398,2.412,803376,194100177.0,0.0,15,2.434,0
1745510400000,2.4120000000000004,2.4370000000000003,2.4010000000000002,2.4170000000000003,1145072,277418340.00000006,0.0,15,2.4120000000000004,0
1745769600000,2.41,2.4170000000000003,2.386,2.392,990904,237370556.0,0.0,15,2.4170000000000003,0
1745856000000,2.3840000000000003,2.4120000000000004,2.3770000000000002,2.403,631460,151615129.0,0.0,15,2.3920000000000003,0
1745942400000,2.403,2.43,2.403,2.422,1134359,275021693.0,0.0,15,2.403,0
1746460800000,2.431,2.483,2.431,2.482,968332,238457832.99999997,0.0,15,2.422,0
1746547200000,2.509,2.532,2.467,2.486,1177714,293073708.0,0.0,15,2.482,0
1746633600000,2.483,2.512,2.478,2.507,765658,191601955.0,0.0,15,2.486,0
1746720000000,2.504,2.504,2.466,2.476,2555747,633652163.0,0.0,15,2.507,0
1746979200000,2.498,2.5130000000000003,2.486,2.5130000000000003,1301105,325329482.0,0.0,15,2.4760000000000004,0
1747065600000,2.5250000000000004,2.5300000000000002,2.498,2.5020000000000002,836020,210079125.0,0.0,15,2.5130000000000003,0
1747152000000,2.504,2.527,2.49,2.508,1494746,374496880.0,0.0,15,2.5020000000000002,0
1747238400000,2.506,2.506,2.465,2.4699999999999998,1171043,289964643.00000006,0.0,15,2.508,0
1747324800000,2.455,2.483,2.455,2.47,1782480,441106984.0,0.0,15,2.47,0
1747584000000,2.465,2.485,2.445,2.4819999999999998,545288,134501805.0,0.0,15,2.4699999999999998,0
1747670400000,2.4819999999999998,2.507,2.472,2.503,422923,105370580.0,0.0,15,2.4819999999999998,0
1747756800000,2.504,2.504,2.487,2.497,309281,77191839.0,0.0,15,2.503,0
1747843200000,2.49,2.508,2.47,2.4730000000000003,511574,127284203.0,0.0,15,2.4970000000000003,0
1747929600000,2.468,2.488,2.439,2.44,608932,150277321.0,0.0,15,2.473,0
1748188800000,2.443,2.4619999999999997,2.436,2.455,607856,148930885.0,0.0,15,2.44,0
1748275200000,2.4490000000000003,2.456,2.434,2.45,416138,101749302.00000001,0.0,15,2.455,0
1748361600000,2.452,2.458,2.434,2.444,1144494,279498926.0,0.0,15,2.45,0
1748448000000,2.4419999999999997,2.488,2.441,2.4869999999999997,588561,145410457.00000003,0.0,15,2.444,0
1748534400000,2.488,2.488,2.456,2.4619999999999997,877143,216133394.0,0.0,15,2.487,0
1748880000000,2.462,2.486,2.454,2.475,501709,124245923.0,0.0,15,2.462,0
1748966400000,2.472,2.503,2.472,2.499,1256472,313918408.0,0.0,15,2.475,0
1749052800000,2.5029999999999997,2.525,2.489,2.5189999999999997,541687,135859371.00000003,0.0,15,2.4989999999999997,0
1749139200000,2.519,2.523,2.508,2.516,418453,105150957.0,0.0,15,2.519,0
1749398400000,2.516,2.546,2.516,2.542,695522,176614978.0,0.0,15,2.516,0
1749484800000,2.5420000000000003,2.543,2.495,2.5140000000000002,583696,146775213.0,0.0,15,2.5420000000000003,0
1749571200000,2.5140000000000002,2.5450000000000004,2.5140000000000002,2.527,871059,220728991.99999997,0.0,15,2.5140000000000002,0
1749657600000,2.52,2.537,2.511,2.529,765433,193524010.0,0.0,15,2.527,0
1749744000000,2.527,2.5290000000000004,2.494,2.4970000000000003,1187405,297271947.0,0.0,15,2.5290000000000004,0
1750003200000,2.496,2.518,2.492,2.512,468409,117523655.0,0.0,15,2.497,0
1750089600000,2.512,2.5220000000000002,2.503,2.5100000000000002,532285,133541729.0,0.0,15,2.512,0
1750176000000,2.51,2.514,2.492,2.508,1113844,278581554.0,0.0,15,2.51,0
1750262400000,2.504,2.512,2.468,2.48,1586782,395104429.0,0.0,15,2.508,0
1750348800000,2.477,2.482,2.455,2.456,755856,186354839.0,0.0,15,2.48,0
1750608000000,2.451,2.4890000000000003,2.45,2.4850000000000003,779843,193238591.0,0.0,15,2.456,0
1750694400000,2.486,2.5340000000000003,2.486,2.5340000000000003,954336,240601337.0,0.0,15,2.4850000000000003,0
1750780800000,2.533,2.5749999999999997,2.533,2.5709999999999997,1507056,385291851.0,0.0,15,2.534,0
1750867200000,2.571,2.583,2.559,2.56,1104630,284190886.0,0.0,15,2.571,0
1750953600000,2.559,2.5900000000000003,2.559,2.568,1260137,324627364.0,0.0,15,2.56,0
1751212800000,2.5679999999999996,2.606,2.566,2.6029999999999998,2359267,611883550.9999999,0.0,15,2.5679999999999996,0
1751299200000,2.602,2.61,2.581,2.61,1052455,273372754.0,0.0,15,2.6029999999999998,0
1751385600000,2.6060000000000003,2.6060000000000003,2.575,2.585,437874,113248290.0,0.0,15,2.6100000000000003,0
1751472000000,2.578,2.6029999999999998,2.578,2.598,668551,172972435.00000003,0.0,15,2.585,0
1751558400000,2.5949999999999998,2.614,2.578,2.5879999999999996,732044,189606774.0,0.0,15,2.598,0
1751817600000,2.581,2.5949999999999998,2.578,2.59,304212,78764244.0,0.0,15,2.5879999999999996,0
1751904000000,2.5869999999999997,2.628,2.585,2.626,466621,122039852.0,0.0,15,2.59,0
1751990400000,2.6270000000000002,2.636,2.615,2.62,507957,133381469.0,0.0,15,2.6260000000000003,0
1752076800000,2.6109999999999998,2.637,2.61,2.6239999999999997,374817,98381354.00000001,0.0,15,2.6199999999999997,0
1752163200000,2.621,2.662,2.617,2.648,933304,247067698.0,0.0,15,2.624,0
1752422400000,2.6470000000000002,2.66,2.6390000000000002,2.648,1367732,362116577.0,0.0,15,2.648,0
1752508800000,2.645,2.6550000000000002,2.615,2.64,867738,228340840.00000003,0.0,15,2.648,0
1752595200000,2.638,2.662,2.636,2.6470000000000002,591375,156649396.0,0.0,15,2.64,0
1752681600000,2.641,2.681,2.641,2.681,414744,110481647.00000001,0.0,15,2.647,0
1752768000000,2.681,2.694,2.672,2.686,420829,112880960.0,0.0,15,2.681,0
1753027200000,2.681,2.711,2.681,2.708,721971,195187914.0,0.0,15,2.686,0
1753113600000,2.708,2.725,2.704,2.7230000000000003,560925,152261406.00000003,0.0,15,2.708,0
1753200000000,2.723,2.739,2.707,2.715,550810,149841512.0,0.0,15,2.723,0
1753286400000,2.714,2.754,2.702,2.752,576228,157702408.0,0.0,15,2.715,0
1753372800000,2.7600000000000002,2.7600000000000002,2.736,2.75,763940,209774492.0,0.0,15,2.7520000000000002,0
1753632000000,2.7470000000000003,2.766,2.736,2.758,887897,244515874.0,0.0,15,2.75,0
1753718400000,2.758,2.7809999999999997,2.739,2.78,396428,109288371.0,0.0,15,2.758,0
1753804800000,2.7790000000000004,2.7790000000000004,2.736,2.757,308194,85141448.0,0.0,15,2.7800000000000002,0
1753891200000,2.754,2.769,2.722,2.735,397070,109111783.0,0.0,15,2.757,0
1753977600000,2.729,2.75,2.717,2.735,627884,171511281.0,0.0,15,2.735,0
1754236800000,2.7279999999999998,2.77,2.718,2.769,387159,106375378.0,0.0,15,2.735,0
1754323200000,2.769,2.786,2.7640000000000002,2.785,350231,97144684.0,0.0,15,2.769,0
1754409600000,2.783,2.82,2.778,2.816,446957,125276539.0,0.0,15,2.785,0
1754496000000,2.816,2.827,2.795,2.814,755250,212326892.0,0.0,15,2.816,0
1754582400000,2.811,2.815,2.795,2.808,390256,109553035.0,0.0,15,2.814,0
1754841600000,2.8080000000000003,2.857,2.8080000000000003,2.8480000000000003,568525,161542000.99999997,0.0,15,2.8080000000000003,0
1754928000000,2.843,2.864,2.831,2.8609999999999998,569544,162259875.0,0.0,15,2.848,0
1755014400000,2.862,2.907,2.861,2.9010000000000002,523736,151030927.0,0.0,15,2.861,0
1755100800000,2.9010000000000002,2.907,2.858,2.87,505398,145630237.00000003,0.0,15,2.9010000000000002,0
1755187200000,2.8659999999999997,2.927,2.856,2.9259999999999997,572708,166087282.99999997,0.0,15,2.8699999999999997,0
1755446400000,2.9360000000000004,2.9880000000000004,2.9290000000000003,2.9680000000000004,1029985,305883992.00000006,0.0,15,2.926,0
1755532800000,2.968,2.9899999999999998,2.953,2.973,1001013,297509703.0,0.0,15,2.968,0
1755619200000,2.965,3.0060000000000002,2.939,3.004,800223,237674311.00000003,0.0,15,2.973,0
1755705600000,3.005,3.015,2.964,2.98,582473,173837147.0,0.0,15,3.004,0
1755792000000,2.977,3.033,2.977,3.026,654288,196800480.0,0.0,15,2.98,0
1756051200000,3.021,3.0869999999999997,3.021,3.072,1882596,575599034.0,0.0,15,3.026,0
1756137600000,3.056,3.0909999999999997,3.049,3.0669999999999997,593979,182299083.00000003,0.0,15,3.072,0
1756224000000,3.057,3.105,3.012,3.017,742117,227052238.99999997,0.0,15,3.067,0
1756310400000,3.016,3.0580000000000003,2.962,3.056,1168736,352405115.00000006,0.0,15,3.0170000000000003,0
1756396800000,3.056,3.0700000000000003,3.0260000000000002,3.052,540326,164520090.0,0.0,15,3.056,0
1756656000000,3.052,3.078,3.044,3.076,407385,124723360.0,0.0,15,3.052,0
1756742400000,3.0740000000000003,3.0740000000000003,2.979,3.001,647347,194923374.0,0.0,15,3.076,0
1756828800000,3.003,3.02,2.946,2.955,495502,147707142.0,0.0,15,3.0010000000000003,0
1756915200000,2.95,2.979,2.849,2.8890000000000002,806007,233990406.00000003,0.0,15,2.955,0
1757001600000,2.8890000000000002,2.979,2.8850000000000002,2.975,375233,109993543.0,0.0,15,2.8890000000000002,0
1757260800000,2.96,3.008,2.96,3.0,828711,247220697.0,0.0,15,2.975,0
1757347200000,2.9989999999999997,3.001,2.953,2.9659999999999997,410577,122348731.0,0.0,15,3.0,0
1757433600000,2.965,2.9979999999999998,2.948,2.963,328657,97567560.99999999,0.0,15,2.9659999999999997,0
1757520000000,2.963,3.045,2.939,3.045,403793,121151472.0,0.0,15,2.963,0
1757606400000,3.045,3.0700000000000003,3.031,3.0500000000000003,324965,99138641.00000001,0.0,15,3.045,0
1757865600000,3.048,3.061,3.039,3.0420000000000003,353228,107737166.0,0.0,15,3.0500000000000003,0
1757952000000,3.04,3.078,3.021,3.0749999999999997,394975,120524166.0,0.0,15,3.042,0
1758038400000,3.068,3.1100000000000003,3.0620000000000003,3.1060000000000003,302410,93456052.00000001,0.0,15,3.075,0
1758124800000,3.107,3.148,3.048,3.065,785046,243487156.0,0.0,15,3.106,0
1758211200000,3.063,3.088,3.0380000000000003,3.056,560529,171724928.0,0.0,15,3.0650000000000004,0
1758470400000,3.051,3.079,3.043,3.077,242084,74066790.0,0.0,15,3.056,0
1758556800000,3.077,3.0780000000000003,2.983,3.0420000000000003,446175,134598900.0,0.0,15,3.077,0
1758643200000,3.035,3.095,3.011,3.091,418688,128135355.0,0.0,15,3.0420000000000003,0
1758729600000,3.0980000000000003,3.108,3.075,3.083,319642,98752257.0,0.0,15,3.091,0
1758816000000,3.0730000000000004,3.0890000000000004,3.0420000000000003,3.044,467627,143236031.0,0.0,15,3.083,0
1759075200000,3.0410000000000004,3.0970000000000004,3.0300000000000002,3.084,610857,187548568.99999997,0.0,15,3.044,0
1759161600000,3.079,3.12,3.079,3.112,427710,132886286.00000001,0.0,15,3.084,0
1759939200000,3.121,3.1510000000000002,3.115,3.1390000000000002,399314,125303748.00000001,0.0,15,3.112,0
1760025600000,3.138,3.138,3.09,3.0949999999999998,439887,136611202.0,0.0,15,3.139,0
1760284800000,2.955,3.0940000000000003,2.955,3.088,1166842,355167940.0,0.0,15,3.095,0
1760371200000,3.092,3.124,3.017,3.03,725441,223585503.00000003,0.0,15,3.088,0
1760457600000,3.023,3.075,3.007,3.073,416217,126520713.0,0.0,15,3.0300000000000002,0
1760544000000,3.06,3.073,3.033,3.054,651540,199072371.0,0.0,15,3.073,0
1760630400000,3.036,3.054,2.952,2.959,377922,113261706.00000001,0.0,15,3.054,0
1760889600000,2.977,3.001,2.959,2.975,286403,85382447.0,0.0,15,2.959,0
1760976000000,2.983,3.024,2.975,3.0180000000000002,681017,204973823.0,0.0,15,2.975,0
1761062400000,3.01,3.0189999999999997,2.989,3.004,398752,119713303.0,0.0,15,3.018,0
1761148800000,2.991,3.012,2.955,3.007,375071,111480757.0,0.0,15,3.004,0
1761235200000,3.005,3.054,3.005,3.054,512441,155703329.0,0.0,15,3.0069999999999997,0
1761494400000,3.061,3.089,3.056,3.082,772996,237782565.0,0.0,15,3.0540000000000003,0
1761580800000,3.075,3.1010000000000004,3.0580000000000003,3.0780000000000003,278847,85844444.99999999,0.0,15,3.0820000000000003,0
1761667200000,3.0780000000000003,3.115,3.067,3.111,334872,103368744.0,0.0,15,3.0780000000000003,0
1761753600000,3.11,3.112,3.072,3.084,376624,116468582.00000001,0.0,15,3.111,0
1761840000000,3.085,3.1229999999999998,3.078,3.0829999999999997,278868,86368093.0,0.0,15,3.0839999999999996,0
1762099200000,3.083,3.1020000000000003,3.047,3.1,326973,100299871.0,0.0,15,3.083,0
1762185600000,3.0940000000000003,3.0940000000000003,3.0380000000000003,3.0580000000000003,205800,63047087.00000001,0.0,15,3.1,0
1762272000000,3.04,3.0780000000000003,3.023,3.067,245661,74884901.0,0.0,15,3.0580000000000003,0
1762358400000,3.0669999999999997,3.106,3.065,3.1029999999999998,262397,81049702.0,0.0,15,3.0669999999999997,0
1762444800000,3.097,3.118,3.077,3.102,250031,77439456.0,0.0,15,3.1029999999999998,0
1762704000000,3.105,3.122,3.088,3.107,258016,79978282.0,0.0,15,3.102,0
1762790400000,3.118,3.128,3.093,3.098,260327,80921097.0,0.0,15,3.1069999999999998,0
1762876800000,3.096,3.101,3.053,3.0829999999999997,176061,54172395.0,0.0,15,3.098,0
1762963200000,3.072,3.128,3.071,3.1220000000000003,284662,88525903.0,0.0,15,3.083,0
1763049600000,3.102,3.119,3.084,3.085,248375,77163098.0,0.0,15,3.122,0
1763308800000,3.076,3.101,3.076,3.095,216367,66800284.0,0.0,15,3.085,0
1763395200000,3.0940000000000003,3.0940000000000003,3.0500000000000003,3.0660000000000003,342108,104966813.0,0.0,15,3.095,0
1763481600000,3.064,3.0770000000000004,3.0220000000000002,3.04,333116,101431799.99999999,0.0,15,3.0660000000000003,0
1763568000000,3.0540000000000003,3.059,3.0180000000000002,3.02,201329,61131485.0,0.0,15,3.04,0
1763654400000,2.995,3.0180000000000002,2.911,2.917,332809,98024213.00000001,0.0,15,3.02,0
1763913600000,2.91,2.955,2.907,2.941,395588,115894358.0,0.0,15,2.917,0
1764000000000,2.949,3.005,2.949,2.977,459536,137340203.0,0.0,15,2.941,0
1764086400000,2.97,3.004,2.967,2.989,372593,111334411.0,0.0,15,2.977,0
1764172800000,2.989,3.025,2.98,2.983,641646,192741048.99999997,0.0,15,2.989,0
1764259200000,2.984,3.0140000000000002,2.974,3.0140000000000002,214431,64121044.00000001,0.0,15,2.983,0
1764518400000,3.015,3.0380000000000003,3.015,3.033,168028,50886126.99999999,0.0,15,3.0140000000000002,0
1764604800000,3.033,3.033,3.0,3.006,152790,45932199.99999999,0.0,15,3.033,0
1764691200000,2.992,3.0140000000000002,2.971,2.983,164536,49143967.0,0.0,15,3.0060000000000002,0
1764777600000,2.973,2.992,2.957,2.9859999999999998,235841,70205585.0,0.0,15,2.9829999999999997,0
1764864000000,2.983,3.026,2.96,3.024,224526,67294578.0,0.0,15,2.9859999999999998,0
1765123200000,3.025,3.06,3.025,3.052,255431,77861964.0,0.0,15,3.024,0
1765209600000,3.052,3.059,3.0300000000000002,3.0330000000000004,169258,51531230.0,0.0,15,3.052,0
1765296000000,3.032,3.05,3.013,3.044,304163,92162233.00000001,0.0,15,3.033,0
1765382400000,3.043,3.051,3.012,3.014,289333,87683304.0,0.0,15,3.044,0
1765468800000,3.013,3.04,3.001,3.033,320591,96675888.0,0.0,15,3.014,0
1765728000000,3.027,3.031,3.004,3.007,315085,94960619.99999999,0.0,15,3.033,0
1765814400000,3.001,3.001,2.94,2.9539999999999997,253376,74986078.0,0.0,15,3.007,0
1765900800000,2.9560000000000004,3.0050000000000003,2.9410000000000003,2.999,333891,99279851.0,0.0,15,2.954,0
1765987200000,2.98,3.017,2.975,2.989,433353,130032688.0,0.0,15,2.999,0
1766073600000,3.001,3.028,2.991,3.012,427060,128677312.0,0.0,15,2.9890000000000003,0
1766332800000,3.024,3.055,3.024,3.046,684498,208562225.00000003,0.0,15,3.012,0
1766419200000,3.046,3.06,3.029,3.037,193079,58748802.0,0.0,15,3.046,0
1766505600000,3.031,3.092,3.031,3.085,277249,85139279.0,0.0,15,3.037,0
1766592000000,3.085,3.1239999999999997,3.078,3.114,342655,106194589.0,0.0,15,3.085,0
1766678400000,3.121,3.145,3.105,3.126,572249,179092431.00000003,0.0,15,3.114,0
1766937600000,3.126,3.139,3.109,3.1189999999999998,796202,248712274.0,0.0,15,3.126,0
1767024000000,3.109,3.143,3.106,3.125,589983,184626090.00000003,0.0,15,3.1189999999999998,0
1767110400000,3.129,3.134,3.105,3.129,658430,205694153.0,0.0,15,3.125,0
1767542400000,3.12,3.194,3.12,3.193,637684,202078102.0,0.0,15,3.129,0
1767628800000,3.193,3.238,3.184,3.237,631323,203093602.99999997,0.0,15,3.193,0
1767715200000,3.2529999999999997,3.264,3.231,3.246,728506,236410003.99999997,0.0,15,3.2369999999999997,0
1767801600000,3.239,3.288,3.231,3.2769999999999997,465712,152263237.0,0.0,15,3.246,0
1767888000000,3.2760000000000002,3.3560000000000003,3.2760000000000002,3.3560000000000003,1385813,461446198.00000006,0.0,15,3.277,0
1768147200000,3.361,3.4650000000000003,3.357,3.4490000000000003,835966,286098446.00000006,0.0,15,3.3560000000000003,0
1768233600000,3.455,3.458,3.366,3.3810000000000002,574614,195437211.0,0.0,15,3.4490000000000003,0
1768320000000,3.366,3.468,3.345,3.3890000000000002,1647141,561911988.0,0.0,15,3.3810000000000002,0
1768406400000,3.346,3.3970000000000002,3.346,3.391,412513,139330964.0,0.0,15,3.3890000000000002,0
1768492800000,3.4090000000000003,3.419,3.357,3.383,2611263,880966907.0,0.0,15,3.391,0
1768752000000,3.3600000000000003,3.4120000000000004,3.357,3.394,7630448,2587776650.0,0.0,15,3.383,0
1768838400000,3.383,3.411,3.33,3.36,2431130,819397728.0,0.0,15,3.394,0
1768924800000,3.332,3.412,3.332,3.3899999999999997,21783517,7368276977.0,0.0,15,3.36,0
1769011200000,3.388,3.4179999999999997,3.388,3.417,14293992,4862330230.0,0.0,15,3.3899999999999997,0
1769097600000,3.416,3.5,3.416,3.499,24923928,8626320310.0,0.0,15,3.417,0
1769356800000,3.488,3.5090000000000003,3.41,3.432,12600741,4352439842.0,0.0,15,3.499,0
1769443200000,3.42,3.4579999999999997,3.364,3.445,5444653,1870871662.0000002,0.0,15,3.432,0
1769529600000,3.442,3.462,3.419,3.454,13370630,4603951629.0,0.0,15,3.445,0
1769616000000,3.437,3.483,3.411,3.428,4817024,1656576090.0000002,0.0,15,3.454,0
1769702400000,3.4130000000000003,3.4310000000000005,3.3120000000000003,3.3960000000000004,840522,283862187.0,0.0,15,3.4280000000000004,0
1769961600000,3.354,3.383,3.2560000000000002,3.261,2283367,752808220.0000001,0.0,15,3.3960000000000004,0
1770048000000,3.29,3.375,3.287,3.37,1034887,345605776.0,0.0,15,3.261,0
1770134400000,3.35,3.379,3.323,3.374,1255217,420189113.00000006,0.0,15,3.37,0
1770220800000,3.355,3.355,3.291,3.3129999999999997,1634499,541618268.0,0.0,15,3.374,0
1770307200000,3.285,3.351,3.258,3.302,2758674,914328772.0,0.0,15,3.313,0
1770566400000,3.339,3.387,3.329,3.386,1246404,420693221.0,0.0,15,3.302,0
1770652800000,3.39,3.398,3.366,3.387,834559,282628382.0,0.0,15,3.386,0
1770739200000,3.387,3.416,3.386,3.388,1283757,436150532.00000006,0.0,15,3.387,0
1770825600000,3.3810000000000002,3.43,3.3770000000000002,3.423,1547924,528568964.0,0.0,15,3.3880000000000003,0
1770912000000,3.403,3.418,3.367,3.3689999999999998,2067755,701316220.0,0.0,15,3.423,0
1771862400000,3.386,3.4370000000000003,3.3850000000000002,3.41,1302320,444341133.0,0.0,15,3.369,0
1771948800000,3.41,3.4690000000000003,3.41,3.458,1759112,607769123.0,0.0,15,3.41,0
1772035200000,3.4579999999999997,3.487,3.444,3.485,1408714,488301265.0,0.0,15,3.4579999999999997,0
1772121600000,3.464,3.517,3.46,3.517,1369685,479521524.0,0.0,15,3.485,0
1772380800000,3.475,3.5100000000000002,3.4450000000000003,3.4810000000000003,1814147,630761799.0,0.0,15,3.5170000000000003,0
1772467200000,3.48,3.4949999999999997,3.34,3.3489999999999998,2095492,711193300.0000001,0.0,15,3.481,0
1772553600000,3.302,3.3810000000000002,3.3000000000000003,3.325,1960939,655454267.0,0.0,15,3.349,0
1772640000000,3.3739999999999997,3.38,3.332,3.356,1852918,622853835.0000001,0.0,15,3.3249999999999997,0
1772726400000,3.335,3.396,3.33,3.386,926355,312604225.0,0.0,15,3.356,0
1772985600000,3.348,3.383,3.279,3.372,1756196,585977994.0000001,0.0,15,3.386,0
1773072000000,3.4,3.4299999999999997,3.392,3.4299999999999997,1351898,461270853.0,0.0,15,3.372,0
1773158400000,3.4400000000000004,3.447,3.4210000000000003,3.4320000000000004,1033502,355008438.0,0.0,15,3.43,0
1773244800000,3.4240000000000004,3.443,3.3930000000000002,3.422,945597,323209936.0,0.0,15,3.4320000000000004,0
1773331200000,3.4130000000000003,3.432,3.366,3.3770000000000002,1160737,394906797.00000006,0.0,15,3.422,0
1773590400000,3.352,3.379,3.319,3.37,1470135,493115528.99999994,0.0,15,3.377,0
1773676800000,3.37,3.3810000000000002,3.294,3.295,1607958,536121381.0,0.0,15,3.37,0
1773763200000,3.2920000000000003,3.326,3.273,3.326,2371625,784390851.0,0.0,15,3.295,0
1773849600000,3.278,3.292,3.235,3.254,1969377,642807686.0,0.0,15,3.326,0
1773936000000,3.263,3.287,3.189,3.193,2196041,713210849.0000001,0.0,15,3.254,0
1774195200000,3.128,3.1700000000000004,3.0260000000000002,3.0540000000000003,2204955,681661269.0,0.0,15,3.193,0
1774281600000,3.111,3.125,3.028,3.124,2200345,677647262.0000001,0.0,15,3.054,0
1774368000000,3.14,3.198,3.14,3.188,2981334,947045048.0000001,0.0,15,3.124,0
1774454400000,3.182,3.1919999999999997,3.126,3.1439999999999997,1508639,476355053.00000006,0.0,15,3.1879999999999997,0
1774540800000,3.085,3.2,3.083,3.185,1942447,614545997.0,0.0,15,3.144,0
1774800000000,3.131,3.194,3.126,3.191,1229849,388885225.0,0.0,15,3.185,0
1774886400000,3.19,3.2039999999999997,3.13,3.131,4475166,1413416489.0,0.0,15,3.191,0
1774972800000,3.193,3.2020000000000004,3.1590000000000003,3.1870000000000003,3196422,1016194262.0,0.0,15,3.1310000000000002,0
1775059200000,3.174,3.191,3.113,3.136,3331894,1051612641.0000001,0.0,15,3.187,0
1775145600000,3.137,3.147,3.09,3.0999999999999996,1484361,462148947.0,0.0,15,3.1359999999999997,0
1775491200000,3.096,3.142,3.096,3.126,1662536,519458752.00000006,0.0,15,3.1,0
1775577600000,3.189,3.2720000000000002,3.1830000000000003,3.2700000000000005,3653716,1178599214.0,0.0,15,3.1260000000000003,0
1775664000000,3.2439999999999998,3.267,3.235,3.255,2666363,868009080.0,0.0,15,3.27,0
1775750400000,3.2680000000000002,3.3150000000000004,3.2680000000000002,3.285,1613335,531363823.0,0.0,15,3.2550000000000003,0
1776009600000,3.258,3.302,3.258,3.296,2517144,828543599.0000001,0.0,15,3.285,0
1776096000000,3.3200000000000003,3.3470000000000004,3.3080000000000003,3.346,1269386,422088303.0,0.0,15,3.2960000000000003,0
1776182400000,3.374,3.374,3.3240000000000003,3.33,1681112,561679874.0,0.0,15,3.346,0
1776268800000,3.33,3.3890000000000002,3.33,3.384,1749802,588954790.0,0.0,15,3.33,0
1776355200000,3.377,3.429,3.375,3.417,2118045,720378900.0000001,0.0,15,3.384,0
1776614400000,3.415,3.445,3.415,3.431,3704404,1271105802.0,0.0,15,3.417,0
1776700800000,3.422,3.435,3.398,3.4330000000000003,2325949,795148664.0,0.0,15,3.431,0
1776787200000,3.406,3.491,3.406,3.49,2560003,887645539.0000001,0.0,15,3.4330000000000003,0
1776873600000,3.489,3.493,3.416,3.4419999999999997,3921522,1349814621.0,0.0,15,3.4899999999999998,0
1776960000000,3.41,3.4410000000000003,3.394,3.412,3759817,1283427042.0,0.0,15,3.442,0
1777219200000,3.397,3.44,3.395,3.427,4706535,1612386628.0,0.0,15,3.412,0
1777305600000,3.406,3.421,3.367,3.383,2202771,746573136.0000001,0.0,15,3.427,0
1777392000000,3.371,3.442,3.361,3.435,3096069,1057298439.0,0.0,15,3.383,0
1777478400000,3.422,3.455,3.422,3.447,2042586,702324129.0,0.0,15,3.435,0
1777996800000,3.472,3.545,3.472,3.529,4197017,1479136055.9999998,0.0,15,3.447,0
1778083200000,3.5370000000000004,3.587,3.5260000000000002,3.583,2553820,907619427.0000001,0.0,15,3.5290000000000004,0
1778169600000,3.553,3.604,3.553,3.594,2555420,916444695.0,0.0,15,3.5829999999999997,0
1778428800000,3.608,3.657,3.601,3.642,2815481,1022890072.0000001,0.0,15,3.594,0
1778515200000,3.6519999999999997,3.6519999999999997,3.602,3.625,2211380,801015155.0,0.0,15,3.642,0
1778601600000,3.598,3.69,3.596,3.685,1472419,538144732.0000001,0.0,15,3.625,0
1778688000000,3.75,3.75,3.618,3.6189999999999998,1723383,630398115.0000001,0.0,15,3.685,0
1778774400000,3.607,3.64,3.547,3.5780000000000003,2033365,730517967.0,0.0,15,3.619,0
1779033600000,3.5340000000000003,3.6090000000000004,3.5340000000000003,3.5900000000000003,1768881,634077787.0,0.0,15,3.5780000000000003,0
1779120000000,3.578,3.624,3.537,3.6229999999999998,1787298,638661002.0,0.0,15,3.59,0
1779206400000,3.6,3.629,3.576,3.628,1928433,693091116.0,0.0,15,3.623,0
1779292800000,3.631,3.6639999999999997,3.501,3.513,2449114,876620228.0000001,0.0,15,3.628,0
1779379200000,3.515,3.592,3.512,3.579,2093054,743845945.0,0.0,15,3.513,0
1779638400000,3.584,3.6210000000000004,3.5660000000000003,3.6180000000000003,1927629,693586277.0000001,0.0,15,3.579,0
1779724800000,3.6060000000000003,3.6060000000000003,3.5220000000000002,3.58,1471258,523720161.0,0.0,15,3.6180000000000003,0
1779811200000,3.579,3.603,3.498,3.5140000000000002,1739490,618296855.0,0.0,15,3.58,0
1779897600000,3.5100000000000002,3.567,3.486,3.555,1489283,524289676.00000006,0.0,15,3.5140000000000002,0
1779984000000,3.555,3.5709999999999997,3.448,3.469,1657281,579685046.0,0.0,15,3.555,0
1780243200000,3.446,3.5060000000000002,3.4410000000000003,3.446,1842051,639386917.0,0.0,15,3.4690000000000003,0
1780329600000,3.426,3.48,3.391,3.456,2289393,786844815.0,0.0,15,3.446,0
1780416000000,3.434,3.5220000000000002,3.434,3.475,1936190,675918250.0000001,0.0,15,3.456,0
1780502400000,3.428,3.483,3.428,3.4699999999999998,1533710,532087380.0,0.0,15,3.475,0
1780588800000,3.458,3.505,3.423,3.442,1510584,523077877.0,0.0,15,3.47,0
1780848000000,3.378,3.407,3.298,3.339,1973882,664677282.0000001,0.0,15,3.442,0
1780934400000,3.366,3.431,3.341,3.427,2150581,726999503.0,0.0,15,3.3390000000000004,0
1781020800000,3.392,3.4139999999999997,3.348,3.3819999999999997,1103292,372580606.0,0.0,15,3.427,0
1781107200000,3.355,3.3939999999999997,3.34,3.3699999999999997,1033630,347281040.0,0.0,15,3.3819999999999997,0
1781193600000,3.403,3.447,3.3810000000000002,3.394,1288290,440019112.0,0.0,15,3.37,0
1781452800000,3.4360000000000004,3.523,3.4130000000000003,3.5210000000000004,1688958,588906076.0,0.0,15,3.394,0
1781539200000,3.516,3.5970000000000004,3.5140000000000002,3.576,1872170,668158734.0000001,0.0,15,3.5210000000000004,0
1781625600000,3.556,3.6029999999999998,3.553,3.6029999999999998,1561318,559400162.0,0.0,15,3.576,0
1781712000000,3.581,3.643,3.581,3.634,1202120,435407458.00000006,0.0,15,3.6029999999999998,0
1782057600000,3.6380000000000003,3.669,3.567,3.664,1439733,519833605.99999994,0.0,15,3.6340000000000003,0
1782144000000,3.65,3.664,3.572,3.595,1287774,466314314.00000006,0.0,15,3.664,0
1782230400000,3.588,3.653,3.557,3.648,2483704,895157448.0000001,0.0,15,3.5949999999999998,0
1782316800000,3.65,3.673,3.625,3.663,1603791,584982047.0,0.0,15,3.648,0
1782403200000,3.632,3.6630000000000003,3.547,3.5740000000000003,2526906,907771457.0,0.0,15,3.6630000000000003,0
1782662400000,3.5660000000000003,3.595,3.49,3.572,8413485,2969143010.0000005,0.0,15,3.5740000000000003,0
1782748800000,3.551,3.657,3.543,3.6500000000000004,2716570,979277558.0000001,0.0,15,3.572,0
1782835200000,3.636,3.6940000000000004,3.6350000000000002,3.668,6405908,2355270135.0,0.0,15,3.6500000000000004,0
1782921600000,3.605,3.668,3.56,3.572,4788754,1727486037.0,0.0,15,3.668,0
1783008000000,3.565,3.62,3.551,3.575,2298555,824277996.0,0.0,15,3.572,0
1783267200000,3.574,3.598,3.497,3.5149999999999997,3240037,1148290516.0,0.0,15,3.5749999999999997,0
1783353600000,3.4890000000000003,3.5290000000000004,3.4250000000000003,3.4440000000000004,1875497,649650176.0,0.0,15,3.515,0
1783440000000,3.4339999999999997,3.4499999999999997,3.368,3.372,3244861,1103065419.0,0.0,15,3.444,0
1783526400000,3.373,3.442,3.313,3.4370000000000003,4188800,1412474008.0,0.0,15,3.3720000000000003,0
1783612800000,3.419,3.494,3.399,3.4,3500244,1214114668.0000002,0.0,15,3.437,0
1783872000000,3.378,3.39,3.221,3.227,3682476,1215655793.0,0.0,15,3.4,0
